first_name,last_name,gender
Gilly,Spruce,Female
Nathanael,Peaurt,Male
Elmo,Sancho,Male
Harry,Mechell,Male
Cathryn,Trusdale,Female
Chandra,Brand-Hardy,Female
Fulton,Coudray,Male
Luigi,Staden,Male
Eduino,Jobern,Male
Rebbecca,Gribbins,Female
Marilee,Rymell,Female
Cloris,Gyford,Female
Madeleine,Trowbridge,Female
Lyndsie,Pischoff,Female
Malena,Beaman,Female
Donni,Aspinell,Female
Mirabella,Bullivant,Female
Yorgos,Haliday,Male
Katerine,Whalebelly,Female
Chance,Zielinski,Male
Ezekiel,Westphalen,Male
Octavius,Walkden,Male
Bald,Bywaters,Male
Cori,Stoeckle,Male
Tabbitha,Hacquel,Female
Nita,Parsall,Female
Byran,Grigoli,Male
Thorsten,Halsted,Male
Eunice,Maris,Female
Evaleen,Tong,Female
Romonda,Devigne,Female
Chrissie,Scotter,Female
Thomas,Longworthy,Male
Reena,Cogar,Female
Otha,MacSweeney,Female
Frankie,Purdy,Female
Adrian,Henricsson,Male
Andreana,Turner,Female
Debera,Heaslip,Female
Sheffield,Drinan,Male
Addy,Armor,Male
Merill,Berrey,Male
Hannis,Tenniswood,Female
Obadiah,Ethridge,Male
Hilliard,Pickaver,Male
Lusa,Richardes,Female
Lauri,Gheorghie,Female
Leonard,Linley,Male
Perkin,Dalyell,Male
Wiley,Rickhuss,Male
Ibbie,Draco,Female
Rufus,Berisford,Male
Tomasine,Mechi,Female
Granville,Bignold,Male
Chad,Beseke,Male
Dulsea,Klimentyev,Female
Clerissa,Labbey,Female
Chase,Overbury,Male
Dotti,Rembaud,Female
Fayre,Campkin,Female
Kikelia,Littell,Female
Ebba,Kopf,Female
Elianore,Cordero,Female
Agneta,Ketchen,Female
Pascale,Raccio,Male
Edward,Seivertsen,Male
Duffie,Dashwood,Male
Janessa,Hagland,Female
Temp,O'Nions,Male
Durand,Deshon,Male
Carlin,Daton,Female
Abigael,Griffen,Female
Bryan,Dayment,Male
Barbara-anne,Farnish,Female
Elisa,Brangan,Female
Othella,Guyers,Female
Thibaud,Hargerie,Male
Clarence,Ludwig,Male
Deina,de Villier,Female
Demetria,Marco,Female
Sabina,Iannini,Female
Keefer,Haslehurst,Male
Brear,Le Barre,Female
Lem,Surgey,Male
Evelin,Klimes,Male
Eirena,Pittam,Female
Corbet,Scola,Male
Briano,Iacopo,Male
Persis,Beinisch,Female
Edan,Daveridge,Male
Merry,Rudolf,Female
Carlita,Clinton,Female
Alaine,Nusche,Female
Ulric,Kennington,Male
Jimmie,Earengey,Male
Krispin,Scud,Male
Sumner,Forgan,Male
Amalie,Kidson,Female
Jose,Scarse,Male
Inger,Stubbin,Male
Rici,Ogle,Female
Wanids,Cottesford,Female
Moore,Chazelle,Male
Avictor,Samuel,Male
Susana,Androli,Female
Piper,Kleinstern,Female
Hewet,Syalvester,Male
Aimee,Merriman,Female
Eloise,Springell,Female
Vivi,Longcake,Female
Orelie,Mc Curlye,Female
Jeremy,McQuade,Male
Audrye,McCaighey,Female
Hallsy,Hudghton,Male
Irina,Wabb,Female
Ray,Esparza,Female
Avie,Mcasparan,Female
Cris,Howat,Female
Gwenni,Tchir,Female
Jillane,Glancey,Female
Borden,Kiwitz,Male
Norris,Murrow,Male
Coretta,Ferber,Female
Sharon,McLagain,Female
Darcie,Kingcott,Female
Riannon,Bexley,Female
Glenda,Sparkwill,Female
Marissa,Honnicott,Female
Lavena,Tuohy,Female
Benito,Burchfield,Male
Skyler,Butten,Male
Drucy,Willment,Female
Lani,Leimster,Female
Sammy,Brodie,Male
Larry,Nolli,Male
Nerty,Langtree,Female
Elsworth,Howlin,Male
Mikkel,Ealam,Male
Tiebold,Barby,Male
Jamal,Stollberg,Male
Filberto,Drogan,Male
Moses,Rossborough,Male
Bay,Yegorovnin,Male
Ugo,Geke,Male
Roseline,Winchcombe,Female
Darnell,Sunderland,Male
Wilburt,Buyers,Male
Elliott,August,Male
Orton,Tchaikovsky,Male
Eziechiele,Rigard,Male
Maryanne,Grimmert,Female
Ingeberg,O' Culligan,Female
Huey,Waistell,Male
Stephan,McCritichie,Male
Caprice,Petrashkov,Female
Cammie,Normand,Female
Prudy,Chatelet,Female
Barbara,Kelby,Female
Calley,Hugin,Female
Aura,Gauford,Female
Sigismond,Donnelly,Male
Innis,Andric,Male
Queenie,Vellender,Female
Cornie,Boncore,Female
Herrick,MacGrath,Male
Ignaz,Ciccetti,Male
Thia,Belton,Female
Carroll,Allkins,Female
Corty,Skalls,Male
Maury,Lucas,Male
Sanson,Shervil,Male
Cammi,Baudts,Female
Ailina,Rochester,Female
Lawry,Ackenhead,Male
Brade,Northidge,Male
Jordanna,Handmore,Female
Faber,Dossantos,Male
Alejandro,Kirckman,Male
Marna,Connold,Female
Tait,Greim,Male
Emlynne,Carden,Female
Stevena,Saltman,Female
Marti,Arnold,Female
Nedi,Daggett,Female
Sumner,Lever,Male
Udall,McIlvaney,Male
Darnall,Gameson,Male
Barny,Burdge,Male
Ema,Thomason,Female
Johan,Bonelle,Male
Estel,De Benedetti,Female
Ginni,Hellsdon,Female
Torrance,Lamplugh,Male
Cale,Blaiklock,Male
Jessey,Lamar,Male
Joby,Straneo,Female
Leroy,Lobell,Male
Marj,Rawet,Female
Veronike,Wandrey,Female
Coralyn,Ricketts,Female
Davy,McBrier,Male
Wes,Karran,Male
Joanne,Heibel,Female
Jorie,Barford,Female
Forest,Thirlwell,Male
Harmonia,Launchbury,Female
Roseann,Hintze,Female
Karlotta,Segot,Female
Phillipe,Howton,Male
Ikey,Agate,Male
Franklin,Trenbay,Male
Pavel,Linay,Male
Aime,Napton,Female
Paige,Huchot,Female
Valle,Coomber,Male
Aldrich,Vaney,Male
Garrett,Tschirschky,Male
Darrick,Dibsdale,Male
Kristy,Hunnybun,Female
Hilliard,Townley,Male
Tildie,Town,Female
Terry,Rayworth,Female
Adrianna,Gimson,Female
Misha,Raynton,Female
Elysia,Gibb,Female
Brod,Holtum,Male
Tully,Zuppa,Male
Benoite,Mitchelmore,Female
Oralla,Boltwood,Female
Artus,Whyte,Male
Florinda,Ivkovic,Female
Roman,Callear,Male
Clive,Shambroke,Male
Blaine,Rotchell,Male
Justine,Lushey,Female
Lavena,Summersby,Female
Lenore,Cowley,Female
Dode,Deuss,Female
Lonnard,Durden,Male
Peter,Bentick,Male
Viole,Handman,Female
Dane,Labet,Male
Lennie,McAleese,Male
Hussein,Wenzel,Male
Rosella,Law,Female
Pauline,Bovis,Female
Trisha,Pavyer,Female
Dore,Oldland,Male
Iver,Frye,Male
Jared,Dauney,Male
Jacobo,Ankrett,Male
Lisetta,Yarker,Female
Ollie,Hearley,Male
Angelica,Easlea,Female
Michaeline,Bracchi,Female
Vanya,Arnefield,Female
Miguela,Loving,Female
Cristobal,Lorimer,Male
Louie,Ellsworthe,Male
Alfy,Robins,Male
Hoyt,D'Costa,Male
Ray,McBeth,Male
Del,Devorill,Female
Britt,Simons,Male
Morry,Blodget,Male
Towney,Petruk,Male
Waiter,Blees,Male
Waldo,Downes,Male
Park,Heaford,Male
Elijah,Heavens,Male
Sallie,MacFie,Female
Ashly,McMennum,Female
Everard,Harlow,Male
Julianne,Deignan,Female
Kalina,Kruschov,Female
Anneliese,Andrew,Female
Rip,Momford,Male
Marlena,Lory,Female
Caritta,Diwell,Female
Sharla,Besant,Female
Suzanne,Measures,Female
Salvidor,Filewood,Male
Wendel,Scates,Male
Wendell,Tramel,Male
Brinn,Arnopp,Female
Inness,Fuke,Male
Buddie,Legonidec,Male
Elene,Ligertwood,Female
Mendie,Bodker,Male
Ingaborg,Colls,Female
Finn,Kidwell,Male
Brandy,Ewbanks,Male
Conrade,Ibbotson,Male
Frances,McGennis,Female
Mychal,Castiello,Male
Kaela,Workes,Female
Miltie,Bullivent,Male
Adrien,Petera,Male
Friederike,Galland,Female
Chancey,Delmonti,Male
Athene,Kemster,Female
Stanislaw,Sange,Male
Welby,Riccardelli,Male
Claude,Pickhaver,Female
Mylo,Paolotto,Male
Muffin,Cornhill,Male
Josepha,Daal,Female
Kitti,O'Fearguise,Female
Con,Regina,Male
Dante,Jeannot,Male
Orv,Mowett,Male
Torrin,Silverson,Male
Zedekiah,Adamov,Male
Giffie,Galiford,Male
Jessamine,Dunkerton,Female
Eartha,Rowena,Female
Fifine,Neubigging,Female
Robin,Kemish,Female
Wilek,Titt,Male
Skipper,Phillcock,Male
Grenville,Greenhowe,Male
Claudianus,McGeechan,Male
Betty,Fairhead,Female
Louella,Leale,Female
Dixie,Waldrum,Female
Flore,Coppen,Female
Raddie,Arcase,Male
Karlens,Free,Male
Deb,Van Waadenburg,Female
Selinda,Parmiter,Female
Huntlee,Pridie,Male
Albertina,Lyngsted,Female
Esra,Thirtle,Male
Madelyn,McOnie,Female
Mohandis,Synan,Male
Adelbert,Orcott,Male
Ferdy,Devericks,Male
Pam,Penley,Female
Dallon,Maunder,Male
Rena,Amner,Female
Joyous,Dunkerk,Female
Algernon,Leggat,Male
Ferd,Arter,Male
Cornie,Tregale,Female
Dacey,Barfitt,Female
Tomi,Ferrieres,Female
Nick,Tebald,Male
Morgan,Rands,Female
Geno,Stollen,Male
Evey,Gyenes,Female
Ezekiel,Lucas,Male
Johnathan,Tutchell,Male
Fernanda,Bony,Female
Nate,Ritchard,Male
Henryetta,Raeside,Female
Kial,Decourcy,Female
Karney,Studdal,Male
Leesa,Verney,Female
Etti,Crayke,Female
Sukey,Dmytryk,Female
Lorene,Bowery,Female
Crawford,Gillaspy,Male
Lauri,Ousley,Female
Deanna,Merrgan,Female
Zacharie,Shrieve,Male
Lyndell,Janous,Female
Biron,Jacqueme,Male
Aluino,MacAulay,Male
Marsiella,Lambrecht,Female
Bennie,Stourton,Male
Devlen,Trevance,Male
Seka,Kellough,Female
Daisie,Iley,Female
Benyamin,Attryde,Male
Joyce,Jurczak,Female
Mattie,Reolfi,Female
Michaella,Blinerman,Female
Maribel,Olyfat,Female
Aili,Munford,Female
Mag,Menure,Female
Darlleen,Henriquet,Female
Cinda,MacGauhy,Female
Sophia,Greenset,Female
Torie,Robertis,Female
Alis,Gamil,Female
Jeffry,Treadgall,Male
Don,Aldrin,Male
Cally,Loftin,Female
Micheil,Deeney,Male
Ursulina,Tippell,Female
Tedra,Greenley,Female
Philomena,Kabsch,Female
Malia,Pyott,Female
Lark,Meiklejohn,Female
Carree,Seston,Female
Mel,Maytom,Male
Charlot,Cowill,Female
Giorgio,MacCartney,Male
Curtis,Sommerled,Male
Massimo,Marton,Male
Carmine,Lehmann,Male
Rabbi,Skittles,Male
Angus,Slaughter,Male
Alberto,Clemendot,Male
Loria,Bourcq,Female
Beryle,Wrist,Female
Freddie,Uc,Male
Tybi,Canape,Female
Kamila,Iskov,Female
Dietrich,Greatbank,Male
Leif,Eyckelbeck,Male
Thorsten,Thrustle,Male
Agosto,Cogman,Male
Inga,Davey,Female
Whitby,Cant,Male
Catharina,Abley,Female
Clemens,Clipson,Male
Giustino,Fawson,Male
Rozalin,Franciottoi,Female
Finn,Horley,Male
Earl,Wooster,Male
Gavra,Rubin,Female
Kirstyn,Ferriday,Female
Merridie,Jewess,Female
Emmie,Grzegorczyk,Female
Pryce,Seniour,Male
Gardiner,Andrat,Male
Caro,Hempel,Female
Sanson,Havock,Male
Celene,Orrah,Female
Gerri,Eames,Male
Corella,Morcom,Female
Nicky,Chalder,Male
Genny,Gostridge,Female
Cindelyn,Fisby,Female
Nicolle,Eilert,Female
Carey,Lydiate,Female
Loni,Riggs,Female
Olivier,Braithwaite,Male
Jule,Antao,Male
Derwin,Stancliffe,Male
Phoebe,Rohan,Female
Shandee,Jendrassik,Female
Korey,Feaveer,Male
Sabina,Reiners,Female
Gardy,Lamperti,Male
Rossie,Ladley,Male
Merrel,MacNeilage,Male
Oates,Pear,Male
Abby,Ligerton,Male
Sauveur,Tranter,Male
Skell,Lovemore,Male
Bay,Landall,Male
Gates,Goolden,Female
Jeddy,Durdy,Male
Harley,Champken,Male
Violet,Jerdon,Female
Briano,Redley,Male
Christoper,Darnborough,Male
Giffard,Stoppe,Male
Arlinda,Cristou,Female
Temp,Konert,Male
Christopher,Swyn,Male
Gerda,Pickless,Female
Del,Cadman,Male
Lisle,Tompkinson,Male
Bryant,Gillimgham,Male
Bengt,Van den Velden,Male
Lorie,Scraney,Female
Torrance,Joslow,Male
Adey,Thurley,Female
Kaitlyn,Huntar,Female
Tanner,Lavarack,Male
Lorianna,Eustanch,Female
Flossi,Kennermann,Female
Lew,Bohea,Male
Issi,Brand-Hardy,Female
Giffie,Hatt,Male
Aksel,Jouanny,Male
Donelle,Golton,Female
Rickey,Spradbery,Male
Evelyn,Napleton,Female
Raychel,Libby,Female
Flem,Lemanu,Male
Lia,Rentilll,Female
Katherina,Fellini,Female
Mill,Leipelt,Male
Taite,Kitteman,Male
Fred,Philippeaux,Female
Klarika,Vuittet,Female
Gonzales,Matteau,Male
Riley,Pennings,Male
Eamon,Corradeschi,Male
Janessa,Bolletti,Female
Gasper,McClancy,Male
Wilow,Chazette,Female
Cece,Westphal,Male
Mel,Proudman,Male
Jesse,Buddington,Male
Nickie,Yukhnini,Male
Sandy,Rillatt,Female
Blythe,Abad,Female
Theresita,Frowing,Female
Terry,Seelbach,Male
Simone,Bettington,Female
Skell,Tilliards,Male
Cull,Choppen,Male
Myrtle,Ghent,Female
Wes,Frick,Male
Stanley,Stannering,Male
Sutherland,Slayny,Male
Tore,Willard,Male
Dory,Dennant,Male
Boyd,Dommerque,Male
Coral,Ricioppo,Female
Ravid,Worsell,Male
Ahmed,Brassill,Male
Mikol,Ransom,Male
Alfred,Braisted,Male
Meryl,Fidelus,Male
Andres,Rabbet,Male
Joice,De Bruijn,Female
Cointon,Sibthorp,Male
Kenna,Biasio,Female
Josefa,Stark,Female
Claudie,Pibworth,Female
Jeniffer,Jebb,Female
Miltie,Verchambre,Male
Betty,Geffen,Female
Reed,Delete,Male
Ramon,Whyard,Male
Dillie,Magog,Male
Lawry,Ratazzi,Male
Gertrudis,Baum,Female
Page,Fewell,Female
Dwain,Camp,Male
Geri,Mooreed,Female
Durante,Weld,Male
Theodor,Emanuelov,Male
Merwyn,Eskriet,Male
Tadeas,Loxston,Male
Sayers,Whitesel,Male
Wileen,Tours,Female
Sande,Crose,Female
Lexis,Basili,Female
Durand,Ebbotts,Male
Em,Anwyl,Male
Lucy,Childerley,Female
Simeon,Wicks,Male
Hildegarde,Leonards,Female
Colver,Smeeth,Male
Carmelia,Leon,Female
Reilly,Caddan,Male
Flory,Galliard,Male
Allx,Wanka,Female
Myrwyn,Badam,Male
Helli,Jacson,Female
Morry,Dymidowski,Male
Archibold,Tommasi,Male
Ody,Rozycki,Male
Giff,Diment,Male
Cherilyn,MacVicar,Female
Dewie,Valenta,Male
Augusto,Dolder,Male
Devland,Bonnell,Male
Reinaldo,Crutchley,Male
Robb,Greeding,Male
Claresta,Tersay,Female
Karita,Bolmann,Female
Cleo,Starkey,Female
Sherwood,Tanzer,Male
Ariadne,Kitteridge,Female
Murdock,Pheby,Male
Fara,Folkes,Female
Odilia,Dinnies,Female
Bessy,Cleere,Female
Pammie,Madgwick,Female
Simonette,MacLese,Female
Candy,Plumtree,Female
Evie,Blount,Female
Kristofor,Van Castele,Male
Timothy,Thorius,Male
Lauren,Simenet,Female
Levi,Artrick,Male
Jenelle,Martinello,Female
Isiahi,Brundale,Male
Maureene,Mougenel,Female
Fanchette,Mariel,Female
Sallee,Rostern,Female
Carmen,Cowcha,Female
Lawton,Haselup,Male
Daron,Staton,Female
Mattheus,Dowsing,Male
Elenore,Kibbye,Female
Giffer,Meadus,Male
Birch,Fewtrell,Male
Emilia,Keavy,Female
Glory,Frensche,Female
Joshuah,Dockreay,Male
Errick,Keable,Male
Wyndham,Pohlak,Male
Verney,Bumby,Male
Walden,Bagley,Male
Waylin,McShane,Male
Chas,Bendle,Male
Fanchon,Keniwell,Female
Justus,Abbots,Male
Adam,Sparshott,Male
Wilbert,Widdup,Male
Garnet,Swadling,Female
Ariella,Mallen,Female
Bailie,Wickliffe,Male
Umberto,Banfield,Male
Forest,Younie,Male
Cicely,Goodlip,Female
Laverna,Bodsworth,Female
Erwin,Gavriel,Male
Dinah,Sauter,Female
Sindee,Junkin,Female
Douglass,Nornable,Male
Miranda,Berrow,Female
Douglas,Bixley,Male
Teddi,Swyer,Female
Nertie,Jehaes,Female
Sybyl,Pipping,Female
Wyndham,Pisco,Male
Kristofer,Hing,Male
Celia,Dowdam,Female
Madelle,Aimable,Female
Eldridge,Khosa,Male
Lazare,Antley,Male
Flore,Keavy,Female
Reinhard,Ovell,Male
Royall,Ilyushkin,Male
Micheline,Greening,Female
Wald,Rosini,Male
Godwin,Brandsma,Male
Ingrim,Wyeld,Male
Freddie,Delany,Female
Lucia,Whitwham,Female
Fletch,Clemenson,Male
Blaine,Gask,Male
Earl,Vizor,Male
Yorke,Newvell,Male
Rhona,MacTague,Female
Ferguson,Dixcee,Male
Eric,Reaper,Male
Nydia,Beavers,Female
Cornie,Hullins,Male
Ulrika,O'Hengerty,Female
Anabel,Riveles,Female
Dyna,Heskin,Female
Ulises,Bullus,Male
Etienne,Fyldes,Male
Vanny,Fishburn,Female
Baillie,Seagrave,Male
Inglis,Polding,Male
Ray,Chantree,Male
Brand,Drivers,Male
Debby,Clyne,Female
Ebeneser,Ander,Male
Maiga,Clamp,Female
Aleta,Youles,Female
Ossie,Learie,Male
Nissy,Leese,Female
Gasparo,Riguard,Male
Lizzy,Ilsley,Female
Nannie,Rilton,Female
Jere,Kempson,Male
Jenni,Westraw,Female
Denys,Beagen,Male
Carena,Beckmann,Female
Loraine,Dawney,Female
Ofella,Fricker,Female
Cam,Steaning,Female
Sonny,Eaglen,Female
Brietta,Furneaux,Female
Alexandra,Sweeney,Female
Pip,Mitchley,Male
Verge,Sleep,Male
Claybourne,Spreull,Male
Gallagher,Hullock,Male
Duffie,Lillow,Male
Betty,Ellerbeck,Female
Glen,Child,Female
Sandor,Canland,Male
Antoni,Dymoke,Male
Rahel,Whitebrook,Female
Rip,Piaggia,Male
Gian,Richt,Male
Lucien,Giorio,Male
Branden,Thorogood,Male
Germana,Armatage,Female
Cordelia,McGaughie,Female
Geordie,Peplow,Male
Zeb,Slorach,Male
Lilyan,Faulkener,Female
Marshall,Nund,Male
Jackson,Bereford,Male
Guillermo,Trobridge,Male
Jacintha,Crowch,Female
Shandy,Orpen,Female
Waite,Frankcombe,Male
Kaleb,Abels,Male
Mada,Orpin,Female
Galen,Titman,Male
Cyb,Eadon,Female
Dyna,Bridal,Female
Maxim,Beavan,Male
Lorant,Titta,Male
Tiler,McGhie,Male
Kane,Cudbird,Male
Orella,Fowgies,Female
Benedikt,Youle,Male
Stanislaw,Edgeley,Male
Rayna,Iglesiaz,Female
Crawford,Ware,Male
Maura,Hassur,Female
Adriana,Glenton,Female
Gabbey,Lescop,Female
Eleanor,Karpenko,Female
Anna,Gartery,Female
Ruben,Davidovicz,Male
Mitchell,Lillee,Male
Cari,Everix,Female
Claire,Murch,Female
Brena,Scotter,Female
Anatol,McMurtyr,Male
Tibold,Farbrother,Male
Kirbie,Cayette,Female
Wade,Stansfield,Male
Weber,Karadzas,Male
Dael,Gueinn,Female
Hildagard,Stearns,Female
Antonius,Stadding,Male
Alverta,Hugill,Female
Lyon,Haggar,Male
Paulo,Windless,Male
Arabelle,Costard,Female
Nicky,Piscopiello,Male
Allan,Andreichik,Male
Law,Inker,Male
Creight,Wyche,Male
Alair,Ornils,Male
Marylynne,Larose,Female
Mufi,Boobyer,Female
Anjela,Benedito,Female
Ana,Pavett,Female
Zaccaria,Stentiford,Male
Joellen,Thirlwell,Female
Gianna,Loveridge,Female
Barnie,Billie,Male
Lexy,Byrd,Female
Noami,Leveret,Female
Carissa,Woffenden,Female
Les,Haggeth,Male
Meggy,Levings,Female
Katrinka,Benda,Female
Luce,Belleny,Male
Chastity,Whittleton,Female
Adrian,Zanassi,Male
Leoine,Denton,Female
Forster,Izakson,Male
Terrijo,Kondratenko,Female
Boote,Dowd,Male
Skipton,Carleton,Male
Stu,Bramer,Male
Diane-marie,Grzesiak,Female
Ingamar,Saggs,Male
Aubrey,Lufkin,Male
Britt,Perton,Female
Klarrisa,Adriaens,Female
Martelle,Francesco,Female
Tersina,McGebenay,Female
Davina,Fothergill,Female
Maurits,Drakes,Male
Freedman,Gres,Male
Hailee,Foyston,Female
Alexandre,Morrallee,Male
Modesta,Nuccitelli,Female
Jerome,Oldaker,Male
Suzanne,Creaven,Female
Astra,Clunan,Female
Case,Kilmurry,Male
Rahel,Eyckelberg,Female
Roxanna,Shyres,Female
Rasla,Dradey,Female
Trev,Lightwood,Male
Artair,Romeuf,Male
Godart,Treven,Male
Valle,Riby,Male
Marilin,Glanvill,Female
Ollie,Humphery,Male
Karon,Stonebanks,Female
Marilee,Albisser,Female
Kimmy,Tolotti,Female
Rudd,Thew,Male
Nannie,Scotson,Female
Jaquelyn,Astin,Female
Sonia,Elsmere,Female
Gayel,Gilbey,Female
Delmer,Moss,Male
Zarla,Stockney,Female
Deni,Gutridge,Female
Peria,Newvill,Female
Myrna,Gabbitus,Female
Tootsie,Durham,Female
Nara,Thome,Female
Nilson,Duddell,Male
Adolphe,Queenborough,Male
Padriac,Pettersen,Male
Sanford,Brickner,Male
Melania,MacGuiness,Female
Maryjane,Straine,Female
Ward,Pearle,Male
Selie,Boncoeur,Female
Obadiah,Dallaway,Male
Ennis,Mincini,Male
Cicily,Twydell,Female
Garry,Lindop,Male
Camala,Pickering,Female
Levin,Cuzen,Male
Shermy,Lusher,Male
Hendrika,Gartside,Female
Odelle,Carsberg,Female
Carlene,Kelle,Female
Rebecka,Crosfield,Female
Tanya,Grinin,Female
Jody,Casillas,Male
Jodie,Flockhart,Male
Myriam,Duxbury,Female
Misti,Kerfoot,Female
Sig,Gilyatt,Male
Korry,Cruddace,Female
Clementine,Epgrave,Female
Thekla,Mulliss,Female
Adrianne,Raw,Female
Bailie,Descroix,Male
Freedman,Burbridge,Male
Tam,Hixley,Male
Clarey,MacDonell,Female
Corbin,Lingwood,Male
Allys,Sweett,Female
Rriocard,Castagnaro,Male
Vyky,Kite,Female
Beltran,Lawrie,Male
Beauregard,Marin,Male
Abraham,Cranton,Male
Ariella,Kornyakov,Female
Ali,Brithman,Female
Adriena,Ofen,Female
Rorke,Stanier,Male
Sharleen,Drummond,Female
Teddie,Durward,Male
Hermie,Saltsberg,Male
Guglielmo,Dykas,Male
Kip,Siley,Male
Griffie,D'Aubney,Male
Jess,Bullard,Male
Veradis,Jeskin,Female
Johnna,Ivons,Female
Rich,Rootham,Male
Reiko,Zamora,Female
Aloin,Whittock,Male
Nathanil,Phifer,Male
Constantine,Bercher,Male
Cecile,Rheaume,Female
Stevy,Swateridge,Male
Rodrique,Londesborough,Male
Moria,Kirsz,Female
Merilee,Kernar,Female
Jesse,Mateos,Male
Erich,Bogies,Male
Stephen,Sellars,Male
Cesar,Doughartie,Male
Hinda,Matyugin,Female
Adair,Willers,Male
Pavlov,Ferenczy,Male
Meriel,Martinez,Female
Ronica,Gentsch,Female
Sorcha,Trevor,Female
Ravid,Issakov,Male
Giffard,Witson,Male
Sigismund,Wordley,Male
Haily,Kepp,Male
Amery,Belfrage,Male
Nikoletta,Rotter,Female
Bondie,Mellhuish,Male
Giacopo,Well,Male
Abbe,Struis,Female
Nichole,True,Male
Cecilio,Ogbourne,Male
Goldie,Roobottom,Female
Anderson,Snelgrove,Male
Galina,Marton,Female
Karlis,Vedstra,Male
Ikey,Landman,Male
Alena,Gorvin,Female
Sauveur,Cordle,Male
Hendrick,Careless,Male
Kimbra,Kirkness,Female
Cyril,Pauel,Male
Alec,Endley,Male
Reinwald,Stigger,Male
Berti,Flute,Female
Thaddeus,Deverille,Male
Ariel,Ortler,Female
Allison,Parfett,Female
Dorolice,Poyser,Female
Wilhelm,Tunbridge,Male
Libbi,Tristram,Female
Asa,Peller,Male
Reider,Ragsdale,Male
Godfree,Murrill,Male
Gordie,Wardroper,Male
Fawn,Marquese,Female
Willard,Plett,Male
Austin,MacGorley,Male
Quintilla,Loisi,Female
Garry,Pigne,Male
Alexandr,Sappy,Male
Abner,Ipgrave,Male
Etheline,Buard,Female
Fin,Puddefoot,Male
Mathias,Putley,Male
Nelli,Peerman,Female
Durant,Geydon,Male
Willis,Strowthers,Male
Augy,Gant,Male
Dennis,L' Estrange,Male
Reinwald,Soal,Male
Robenia,Craft,Female
Trixi,Checo,Female
Maible,Tinklin,Female
Gene,De Simone,Male
Ania,Percy,Female
Judas,Adamczyk,Male
Dedie,Daout,Female
Fawn,Rawlcliffe,Female
Arlin,Gookey,Male
Ber,Ewles,Male
Josias,Gisbey,Male
Chas,Karolyi,Male
Ericha,Glantz,Female
Chadwick,Wenham,Male
Mathias,Rayne,Male
Tabor,Allon,Male
Guillemette,Battany,Female
Mason,Lowndsborough,Male
Aubrey,Allmann,Female
Crichton,Shepard,Male
Fanny,Kolin,Female
Renie,Kalewe,Female
Aland,Radeliffe,Male
Gibbie,Halfhide,Male
Dottie,Bourthoumieux,Female
Breanne,McCafferty,Female
Karoly,Layland,Female
Alice,Bloggett,Female
Ancell,Mitrovic,Male
Gareth,Smithies,Male
Darci,Rissom,Female
Darleen,Llewelyn,Female
Doria,Saur,Female
Meridith,Threadgould,Female
Sal,Fidgeon,Male
Den,Bradden,Male
Marlow,Girdlestone,Male
Seline,Phelit,Female
Pamela,Wakelin,Female
Egan,Haresnaip,Male
Emory,Myrick,Male
April,Chipman,Female
Marcos,Ellerman,Male
Thelma,Pinnick,Female
Dora,Haruard,Female
Bert,Minchinton,Male
Rockey,Casey,Male
Gayle,Isbell,Male
Angil,Copello,Female
Jenelle,Kitter,Female
Odell,Hubbold,Male
Evey,Caisley,Female
Tarra,Cassam,Female
Menard,Sellack,Male
Goober,Cradoc,Male
Eugen,Kelemen,Male
Barr,Basford,Male
Sandy,Chellam,Female
Sven,Panks,Male
Andrew,Collie,Male
Kevin,Sturgis,Male
Thedrick,Sheard,Male
Georgina,Watchorn,Female
Jefferey,Beltzner,Male
Lilah,Trouel,Female
Flory,Bertlin,Male
Ulrich,Rubroe,Male
Radcliffe,Crotty,Male
Joell,Border,Female
