Name,Gender
Aishwarya,Female
Anika,Female
Divya,Female
Kavya,Female
Meera,Female
Ananya,Female
Ishika,Female
Jaya,Female
Neha,Female
Priya,Female
Riya,Female
Sneha,Female
Anushka,Female
Kritika,Female
Madhuri,Female
Nisha,Female
Pooja,Female
Radha,Female
Sakshi,Female
Tanvi,Female
Vaishali,Female
Aditi,Female
Harsha,Female
Jyoti,Female
Mansi,Female
Nidhi,Female
Pallavi,Female
Rachana,Female
Sapna,Female
Vandana,Female
Anjali,Female
Ashwini,Female
Deeksha,Female
Geeta,Female
Kavita,Female
Manisha,Female
Neeta,Female
Rashmi,Female
Shilpa,Female
Sonali,Female
Sujata,Female
Tara,Female
Uma,Female
Vani,Female
Gauri,Female
Isha,Female
Juhi,Female
Kirti,Female
Megha,Female
Rashi,Female
Shweta,Female
Tina,Female
Varsha,Female
Yamini,Female
Zoya,Female
Anita,Female
Bhavna,Female
Deepika,Female
Gita,Female
Kiran,Female
Neelam,Female
Poonam,Female
Seema,Female
Usha,Female
Veena,Female
Alka,Female
Arti,Female
Deepa,Female
Manju,Female
Preeti,Female
Ratna,Female
Sangeeta,Female
Vidya,Female
Yogita,Female
Devi,Female
Harini,Female
Janani,Female
Lakshmi,Female
Shruti,Female
Gowri,Female
Iswarya,Female
Latha,Female
Nithya,Female
Saraswathi,Female
Sudha,Female
Aruna,Female
Charulatha,Female
Gayathri,Female
Hema,Female
Jyothi,Female
Radhika,Female
Aadhira,Female
Akshara,Female
Arundhati,Female
Girija,Female
Ishita,Female
Jayashree,Female
Karthika,Female
Nandita,Female
Shalini,Female
Sushma,Female
Amrita,Female
Divyanka,Female
Gopika,Female
Iswari,Female
Keerthana,Female
Madhumitha,Female
Nandini,Female
Sushmita,Female
Dhanya,Female
Hemalatha,Female
Kiranmai,Female
Prajna,Female
Shreya,Female
Vasavi,Female
Advaitha,Female
Amrutha,Female
Indira,Female
Krishnaveni,Female
Navaneetha,Female
Shraddha,Female
