first_name,gender
Ricky,Female
Vinita,Female
Emilio,Male
Gayle,Male
Elladine,Female
Mirella,Female
Sandy,Female
Jasen,Male
Michelina,Female
Ive,Male
Smitty,Male
Joli,Female
Creight,Male
Meggie,Female
Arv,Male
Saraann,Female
Roy,Male
Worth,Male
Edan,Male
Ware,Male
Rogerio,Male
Petey,Male
Ketty,Female
Helen-elizabeth,Female
Granville,Male
Oneida,Female
Trude,Female
Kimball,Male
Daveen,Female
Frayda,Female
Phil,Male
Sharron,Female
Skylar,Male
Ellsworth,Male
Gaultiero,Male
Emmett,Male
Shea,Male
Vannie,Female
Julienne,Female
Selie,Female
Leon,Male
Heath,Female
Elton,Male
Delmor,Male
Jackquelin,Female
Dannel,Male
Abey,Male
Zia,Female
Thomasine,Female
Auria,Female
Ronnie,Male
Kain,Male
Carlyn,Female
Lorrayne,Female
Sherman,Male
Brendon,Male
Leroi,Male
Margeaux,Female
Debora,Female
Daniela,Female
Chloette,Female
Eilis,Female
Brockie,Male
Brucie,Male
Pincas,Male
Arthur,Male
Sean,Male
Heddie,Female
Claiborne,Male
Saunderson,Male
Iggy,Male
Reagen,Male
Raynell,Female
Evered,Male
Marius,Male
Ash,Male
Jasmina,Female
Florence,Female
Webb,Male
Leif,Male
Eve,Female
Ann,Female
Cassandry,Female
Tammy,Female
Hendrik,Male
Geoffry,Male
Rosmunda,Female
Ashley,Male
Anna-diana,Female
Reyna,Female
Isaak,Male
Homere,Male
Pepito,Male
Lettie,Female
Eric,Male
Ingrim,Male
Andie,Female
Zabrina,Female
Kit,Female
Miguela,Female
Shannan,Male
Pernell,Male
Arlina,Female
Leonhard,Male
Waldo,Male
Tobiah,Male
Donovan,Male
Fara,Female
Collete,Female
Zebulen,Male
Maynord,Male
Timothy,Male
Gonzalo,Male
Marshal,Male
Zackariah,Male
Kendra,Female
Gabbi,Female
Shawna,Female
Colver,Male
Bancroft,Male
Kasey,Female
Lem,Male
Elnora,Female
Aprilette,Female
Charlie,Male
Noami,Female
Red,Male
Olly,Female
Barty,Male
Lanna,Female
Min,Female
Griz,Male
Karl,Male
Bar,Male
Bryanty,Male
Ozzy,Male
Alecia,Female
Toiboid,Male
Sonny,Male
Ursuline,Female
Millicent,Female
Mirabella,Female
Louisa,Female
Vinnie,Female
Garvey,Male
Ali,Female
Arney,Male
Andy,Male
Myrah,Female
Bertrand,Male
Maribel,Female
Franny,Male
Deloria,Female
Jessee,Male
Sol,Male
Quintus,Male
Aubrie,Female
Kennedy,Male
Domenico,Male
Mortimer,Male
Sarene,Female
Malina,Female
Cherye,Female
Mario,Male
Wallas,Male
Vachel,Male
Scotty,Male
Cristi,Female
Katy,Female
Raffaello,Male
Moise,Male
Hunfredo,Male
Emmi,Female
Fielding,Male
Janith,Female
Alyda,Female
Lisle,Male
Donn,Male
Colly,Female
Rutherford,Male
Had,Male
Curcio,Male
Avis,Female
Maddi,Female
Shepperd,Male
Hadria,Female
Reggy,Male
Adella,Female
Zacherie,Male
Iosep,Male
Cletis,Male
Dorelle,Female
Hetty,Female
Corella,Female
Vito,Male
Ivar,Male
Edd,Male
Virge,Male
Clay,Male
Clywd,Male
Olivia,Female
Fidelio,Male
Emmy,Male
Pablo,Male
Magnum,Male
Antonius,Male
Tonye,Female
Kerry,Female
Dill,Male
Giffy,Male
Marnie,Female
Scarface,Male
Anita,Female
Julietta,Female
Erhard,Male
Filmer,Male
Giacinta,Female
Leodora,Female
Stoddard,Female
Joel,Male
Grantham,Male
Owen,Male
Valdemar,Male
Hazel,Female
Hastie,Male
Hilarius,Male
Tadio,Male
Cecilla,Female
Shurwood,Male
Renae,Female
Hilliard,Male
Kleon,Male
Zaneta,Female
Chloris,Female
Melina,Female
Pam,Female
Randa,Female
Stephanus,Male
Imogene,Female
Adan,Male
Mayor,Male
Pauly,Female
Eugenia,Female
Fin,Male
Glyn,Female
Coleman,Male
Bren,Male
Barbra,Female
Keelby,Male
Jerrilee,Female
Jorge,Male
Dalt,Male
Cris,Male
Lazarus,Male
Celinka,Female
Aldrich,Male
Abbott,Male
Ivory,Female
Idell,Female
Elnar,Male
Kelly,Male
Ranna,Female
Jania,Female
Jerri,Male
Jolie,Female
Ealasaid,Female
Waneta,Female
Der,Male
Clayborn,Male
Garvy,Male
Margy,Female
Gabrila,Female
Albertina,Female
Mireille,Female
Dillie,Male
Cordie,Female
Wandis,Female
Denise,Female
Hyacintha,Female
Blake,Male
Abner,Male
Reamonn,Male
Jarred,Male
Del,Female
Trent,Male
Joleen,Female
Lyda,Female
Dolly,Female
Onofredo,Male
Harwilll,Male
James,Male
Jaine,Female
Susana,Female
Boot,Male
Chandal,Female
Dwain,Male
Florian,Male
Nicola,Male
Nolana,Female
Terrijo,Female
Leigh,Female
Margette,Female
Egon,Male
Augy,Male
Beverley,Female
Culver,Male
Barris,Male
Gnni,Female
Bord,Male
Vick,Male
Nadia,Female
Gregory,Male
Shelden,Male
Dorette,Female
Kendal,Male
Cornie,Female
Pinchas,Male
Jeramey,Male
Trev,Male
Iseabal,Female
Elana,Female
Katerina,Female
Martainn,Male
Rogers,Male
Zachary,Male
Frasier,Male
Orrin,Male
Duncan,Male
Maynard,Male
Brion,Male
Tatiania,Female
Alard,Male
Bird,Female
Jacklin,Female
Kally,Female
Mallory,Female
Bliss,Female
Margarita,Female
Flynn,Male
Jesselyn,Female
Valina,Female
Garreth,Male
Aveline,Female
Laurie,Male
Charmion,Female
Quintilla,Female
Sunny,Male
Clemmy,Female
Greg,Male
Carney,Male
Romola,Female
Demetre,Male
Stesha,Female
Hynda,Female
Ellerey,Male
Hinze,Male
Vincents,Male
Eberto,Male
Lin,Female
Basilio,Male
Nora,Female
Olympe,Female
Myrlene,Female
George,Female
Molly,Female
Giorgi,Male
Brigitta,Female
Susannah,Female
Kirstyn,Female
Lola,Female
Sabrina,Female
Shae,Female
Madlin,Female
Alexandr,Male
Oates,Male
Christoper,Male
Fee,Male
Willyt,Female
Delmore,Male
Kania,Female
Johann,Male
Jonis,Female
Tonia,Female
Lura,Female
Hermione,Female
Lynnelle,Female
Elka,Female
Rahel,Female
Aldis,Male
Chelsae,Female
Leicester,Male
Lucretia,Female
Lemmy,Male
Antonina,Female
Shannon,Male
Goldarina,Female
Louise,Female
Roseann,Female
Dory,Female
Rayna,Female
Minny,Female
Jolynn,Female
Fiona,Female
Aviva,Female
Allin,Male
Fredric,Male
Conant,Male
Jeana,Female
Julina,Female
Kettie,Female
Paolina,Female
Morey,Male
Emylee,Female
Wilone,Female
Nadya,Female
Kendall,Male
Minette,Female
Roz,Female
Bee,Female
Giacobo,Male
Jerry,Male
Basile,Male
Ganny,Male
Sherrie,Female
Clyve,Male
Bette-ann,Female
Corbie,Male
Cele,Female
Wait,Male
Loleta,Female
Ashbey,Male
Valle,Male
Casey,Female
Dedie,Female
Agnola,Female
Karlene,Female
Adaline,Female
Celeste,Female
Gamaliel,Male
Lula,Female
Helsa,Female
Benedicto,Male
Cissy,Female
Willard,Male
Felice,Male
Kermit,Male
Karry,Female
Dorothee,Female
Garey,Male
Hashim,Male
Elke,Female
Cacilia,Female
Ethel,Female
Barclay,Male
Lynn,Male
Zulema,Female
Renie,Female
Issie,Female
Paige,Male
Iggie,Male
Loree,Female
Sydelle,Female
Daren,Male
Ludvig,Male
Joy,Female
Abelard,Male
Klara,Female
Vern,Male
Bunnie,Female
Benny,Female
Correy,Male
Leonie,Female
Angeline,Female
Celie,Female
Leoine,Female
Eugen,Male
Desiri,Female
Darcey,Female
Berkie,Male
Harlan,Male
Donnie,Female
Justinian,Male
Arlana,Female
Georgeanna,Female
Ermengarde,Female
Hiram,Male
Arnuad,Male
Pierce,Male
Norrie,Male
Henrik,Male
Teddy,Male
Niko,Male
Janessa,Female
Leopold,Male
Lucian,Male
Cristie,Female
Tobye,Female
Timmi,Female
Jervis,Male
Verna,Female
Hube,Male
Amargo,Female
Fergus,Male
Gerri,Male
Cori,Male
Pyotr,Male
Hobart,Male
Isaiah,Male
Zuzana,Female
Gustavus,Male
Gennifer,Female
Brendin,Male
Ernst,Male
Sharlene,Female
Bentley,Male
Bone,Male
Evvy,Female
Freedman,Male
Libbie,Female
Brok,Male
Immanuel,Male
Pierson,Male
Art,Male
Karleen,Female
Stefan,Male
Ramonda,Female
Eleonore,Female
Falkner,Male
Benedetto,Male
Mollie,Female
Raff,Male
Ernesto,Male
Merralee,Female
Kip,Female
Rolfe,Male
Charin,Female
Delaney,Male
Binni,Female
Keefe,Male
Juli,Female
Arron,Male
Jess,Male
Skippie,Male
Lillian,Female
Shellysheldon,Male
Ara,Male
Frank,Female
Alec,Male
Clarabelle,Female
Flint,Male
Ulrike,Female
Marie,Female
Idelle,Female
Abie,Male
Verla,Female
Antonietta,Female
Bogey,Male
Neila,Female
Zola,Female
Holly-anne,Female
Hamlin,Male
Joseph,Male
Wilow,Female
Misty,Female
Gardie,Male
Piggy,Male
Anabal,Female
Gunner,Male
Zsa zsa,Female
Silvana,Female
Amerigo,Male
Yetty,Female
Heddi,Female
Brittani,Female
Ahmed,Male
Oralla,Female
Myer,Male
Chere,Female
Teddi,Female
Holli,Female
Berta,Female
Merridie,Female
Vidovic,Male
Arni,Male
Ellissa,Female
Augustine,Female
Ellen,Female
Virginie,Female
Jarad,Male
Darya,Female
Rosabel,Female
Niall,Male
Thom,Male
Bernard,Male
Aridatha,Female
Rolando,Male
Tove,Female
Massimiliano,Male
Zolly,Male
Pacorro,Male
Nerissa,Female
Nathaniel,Male
Tam,Male
Perrine,Female
Aleta,Female
Cherilyn,Female
Nessy,Female
Piotr,Male
Agatha,Female
Orion,Male
Sibby,Female
Rycca,Female
Manfred,Male
Karlyn,Female
Lorene,Female
Tan,Male
Niki,Male
Darill,Male
Rancell,Male
Giacopo,Male
Yance,Male
Donelle,Female
Cristy,Female
Gweneth,Female
Rachele,Female
Ada,Female
Arlin,Male
Frederica,Female
Durand,Male
Dunn,Male
Ursala,Female
Davy,Male
Lynna,Female
Tiebold,Male
Mason,Male
Loralee,Female
Bobette,Female
Arvie,Male
Odille,Female
Jayne,Female
Austen,Male
Kittie,Female
Clem,Male
Jandy,Female
Mel,Male
Dianne,Female
Eward,Male
Kale,Male
Bernete,Female
Antons,Male
Tina,Female
Manon,Female
Emmye,Female
Taddeo,Male
Selina,Female
Marcus,Male
Wat,Male
Sheba,Female
Wallie,Female
Betta,Female
Reinwald,Male
Victor,Male
Alisander,Male
Rosalynd,Female
Tripp,Male
Di,Female
Therine,Female
Trixy,Female
Rafaellle,Male
Wenonah,Female
Lorettalorna,Female
Massimo,Male
Errick,Male
Kass,Female
Terencio,Male
Dyanna,Female
Kevan,Male
Kingston,Male
Justus,Male
Row,Female
Roberta,Female
Pasquale,Male
Darrelle,Female
Mohammed,Male
Armstrong,Male
Dulcie,Female
Lori,Female
Linet,Female
Beatrisa,Female
Tremaine,Male
Sibley,Female
Boris,Male
Inigo,Male
Artur,Male
Bernie,Male
Sephira,Female
Valentin,Male
Genna,Female
Ardith,Female
Ezekiel,Male
Abra,Female
Ediva,Female
Melisandra,Female
Fayth,Female
Cody,Female
Luis,Male
Killy,Male
Latashia,Female
Leland,Female
Janey,Female
Wilbert,Male
Colline,Female
Eli,Male
Blancha,Female
Erika,Female
Garwood,Male
Aubry,Female
Bat,Male
Garik,Male
Rafi,Male
Vinny,Male
Colet,Male
Joyan,Female
Adda,Female
Maddalena,Female
Carri,Female
Adore,Female
Andie,Male
Joanna,Female
Tandy,Female
Bianca,Female
Charla,Female
Dolley,Female
Daron,Female
Kimberley,Female
Brook,Female
Elva,Female
Annmaria,Female
Marcelline,Female
Sawyer,Male
Sherlocke,Male
Kendricks,Male
Alysia,Female
Natala,Female
Alvinia,Female
Bron,Male
Bail,Male
Celesta,Female
Bernadene,Female
Tristan,Male
Gayla,Female
Leena,Female
Jobi,Female
Toni,Female
Uriel,Male
Kurtis,Male
Glennis,Female
Agnese,Female
Charley,Male
Rowan,Male
Kylie,Male
Faydra,Female
Hertha,Female
Cirillo,Male
Brittaney,Female
Osgood,Male
Addie,Male
Linn,Male
Thaddeus,Male
Clemens,Male
Thornton,Male
Alvie,Male
Rhianna,Female
Jeremiah,Male
Tomasine,Female
Gard,Male
Koenraad,Male
Phoebe,Female
Oren,Male
Gert,Female
Murdoch,Male
Retha,Female
Ginevra,Female
Robinett,Female
Dale,Female
Jeremie,Male
Abbie,Male
Meade,Male
Artemus,Male
Paul,Male
Marsh,Male
Nancey,Female
Hagan,Male
Dasie,Female
Nike,Female
Pattin,Male
Marcel,Male
Farrel,Male
Elinor,Female
Calley,Female
Blaine,Male
Cherish,Female
Pedro,Male
Dinah,Female
Tate,Female
Hussein,Male
Corie,Female
Bertina,Female
Susie,Female
Grier,Female
Shir,Female
Sky,Male
Gail,Female
Nata,Female
Elyse,Female
Barnett,Male
Shellie,Female
Monah,Female
Micheil,Male
Carlie,Female
Emmalee,Female
Grove,Male
Karmen,Female
Myrtie,Female
Ann-marie,Female
Lynette,Female
Goldia,Female
Lorenza,Female
Gideon,Male
Martynne,Female
David,Male
Agustin,Male
Fraze,Male
Rey,Female
Erasmus,Male
Kylen,Female
Aylmer,Male
Neda,Female
Kassandra,Female
Alejandro,Male
Early,Male
Lois,Female
Winifield,Male
Phillis,Female
Millard,Male
Marge,Female
Katalin,Female
Stacia,Female
Kerrill,Female
Eleanora,Female
Chariot,Male
Etan,Male
Elita,Female
Olenolin,Male
Kirstin,Female
Reg,Male
Kingsley,Male
Reider,Male
Margaux,Female
Linnet,Female
Yule,Male
Cordie,Male
Garv,Male
Minetta,Female
Druci,Female
Wallie,Male
Christiano,Male
Dorice,Female
Bil,Male
Lilian,Female
Darsie,Female
Errol,Male
Hal,Male
Michel,Male
Peggy,Female
Hurley,Male
Cyrus,Male
Elsa,Female
Ettie,Female
Junina,Female
Georgeanne,Female
Brody,Male
Rufus,Male
Tamar,Female
Pepe,Male
Auroora,Female
Liz,Female
Bartolemo,Male
Melania,Female
Reidar,Male
Jayme,Male
Dulcia,Female
Honoria,Female
Holden,Male
Rae,Female
Christalle,Female
Lonna,Female
Moore,Male
Gwenneth,Female
Zechariah,Male
Benton,Male
Didi,Female
Peyter,Male
Arden,Female
Loren,Male
Rosamund,Female
Derby,Male
Woody,Male
Patric,Male
Killian,Male
Stephan,Male
Meyer,Male
Adora,Female
Henka,Female
Hedwig,Female
Viviana,Female
Edgar,Male
Ralina,Female
Stillmann,Male
Lance,Male
Kori,Female
Laird,Male
Bartlett,Male
Nanete,Female
Harriett,Female
Veronika,Female
Susanne,Female
Margot,Female
Vincenz,Male
Marissa,Female
Morganne,Female
Mala,Female
Onida,Female
Parry,Male
Herrick,Male
Aksel,Male
Tiertza,Female
Angela,Female
Joice,Female
Ashleigh,Female
Karly,Female
Tim,Male
Kassi,Female
Maybelle,Female
Dolorita,Female
Victoria,Female
Margo,Female
Leonidas,Male
Ethelyn,Female
Cull,Male
Gilly,Female
Nathanael,Male
Elmo,Male
Harry,Male
Cathryn,Female
Chandra,Female
Fulton,Male
Luigi,Male
Eduino,Male
Rebbecca,Female
Marilee,Female
Cloris,Female
Madeleine,Female
Lyndsie,Female
Malena,Female
Donni,Female
Yorgos,Male
Katerine,Female
Chance,Male
Octavius,Male
Bald,Male
Tabbitha,Female
Nita,Female
Byran,Male
Thorsten,Male
Eunice,Female
Evaleen,Female
Romonda,Female
Chrissie,Female
Thomas,Male
Reena,Female
Otha,Female
Frankie,Female
Adrian,Male
Andreana,Female
Debera,Female
Sheffield,Male
Addy,Male
Merill,Male
Hannis,Female
Obadiah,Male
Lusa,Female
Lauri,Female
Leonard,Male
Perkin,Male
Wiley,Male
Ibbie,Female
Chad,Male
Dulsea,Female
Clerissa,Female
Chase,Male
Dotti,Female
Fayre,Female
Kikelia,Female
Ebba,Female
Elianore,Female
Agneta,Female
Pascale,Male
Edward,Male
Duffie,Male
Temp,Male
Carlin,Female
Abigael,Female
Bryan,Male
Barbara-anne,Female
Elisa,Female
Othella,Female
Thibaud,Male
Clarence,Male
Deina,Female
Demetria,Female
Sabina,Female
Keefer,Male
Brear,Female
Evelin,Male
Eirena,Female
Corbet,Male
Briano,Male
Persis,Female
Merry,Female
Carlita,Female
Alaine,Female
Ulric,Male
Jimmie,Male
Krispin,Male
Sumner,Male
Amalie,Female
Jose,Male
Inger,Male
Rici,Female
Wanids,Female
Avictor,Male
Piper,Female
Hewet,Male
Aimee,Female
Eloise,Female
Vivi,Female
Orelie,Female
Jeremy,Male
Audrye,Female
Hallsy,Male
Irina,Female
Ray,Female
Avie,Female
Cris,Female
Gwenni,Female
Jillane,Female
Borden,Male
Norris,Male
Coretta,Female
Sharon,Female
Darcie,Female
Riannon,Female
Glenda,Female
Lavena,Female
Benito,Male
Skyler,Male
Drucy,Female
Lani,Female
Sammy,Male
Larry,Male
Nerty,Female
Elsworth,Male
Mikkel,Male
Jamal,Male
Filberto,Male
Moses,Male
Bay,Male
Ugo,Male
Roseline,Female
Darnell,Male
Wilburt,Male
Elliott,Male
Orton,Male
Eziechiele,Male
Maryanne,Female
Ingeberg,Female
Huey,Male
Caprice,Female
Cammie,Female
Prudy,Female
Barbara,Female
Aura,Female
Sigismond,Male
Innis,Male
Queenie,Female
Ignaz,Male
Thia,Female
Carroll,Female
Corty,Male
Maury,Male
Sanson,Male
Cammi,Female
Ailina,Female
Lawry,Male
Brade,Male
Jordanna,Female
Faber,Male
Marna,Female
Tait,Male
Emlynne,Female
Stevena,Female
Marti,Female
Nedi,Female
Udall,Male
Darnall,Male
Barny,Male
Ema,Female
Johan,Male
Estel,Female
Ginni,Female
Torrance,Male
Cale,Male
Jessey,Male
Joby,Female
Leroy,Male
Marj,Female
Veronike,Female
Coralyn,Female
Wes,Male
Joanne,Female
Jorie,Female
Forest,Male
Harmonia,Female
Karlotta,Female
Phillipe,Male
Ikey,Male
Franklin,Male
Pavel,Male
Aime,Female
Paige,Female
Garrett,Male
Darrick,Male
Kristy,Female
Tildie,Female
Terry,Female
Adrianna,Female
Misha,Female
Elysia,Female
Brod,Male
Tully,Male
Benoite,Female
Artus,Male
Florinda,Female
Roman,Male
Clive,Male
Justine,Female
Lenore,Female
Dode,Female
Lonnard,Male
Peter,Male
Viole,Female
Dane,Male
Lennie,Male
Rosella,Female
Pauline,Female
Trisha,Female
Dore,Male
Iver,Male
Jared,Male
Jacobo,Male
Lisetta,Female
Ollie,Male
Angelica,Female
Michaeline,Female
Vanya,Female
Cristobal,Male
Louie,Male
Alfy,Male
Hoyt,Male
Ray,Male
Britt,Male
Morry,Male
Towney,Male
Waiter,Male
Park,Male
Elijah,Male
Sallie,Female
Ashly,Female
Everard,Male
Julianne,Female
Kalina,Female
Anneliese,Female
Rip,Male
Marlena,Female
Caritta,Female
Sharla,Female
Suzanne,Female
Salvidor,Male
Wendel,Male
Wendell,Male
Brinn,Female
Inness,Male
Buddie,Male
Elene,Female
Mendie,Male
Ingaborg,Female
Finn,Male
Brandy,Male
Conrade,Male
Frances,Female
Mychal,Male
Kaela,Female
Miltie,Male
Adrien,Male
Friederike,Female
Chancey,Male
Athene,Female
Stanislaw,Male
Welby,Male
Claude,Female
Mylo,Male
Muffin,Male
Josepha,Female
Kitti,Female
Con,Male
Dante,Male
Orv,Male
Torrin,Male
Zedekiah,Male
Giffie,Male
Jessamine,Female
Eartha,Female
Fifine,Female
Robin,Female
Wilek,Male
Skipper,Male
Grenville,Male
Claudianus,Male
Betty,Female
Louella,Female
Dixie,Female
Flore,Female
Raddie,Male
Karlens,Male
Deb,Female
Selinda,Female
Huntlee,Male
Esra,Male
Madelyn,Female
Mohandis,Male
Adelbert,Male
Ferdy,Male
Dallon,Male
Rena,Female
Joyous,Female
Algernon,Male
Ferd,Male
Dacey,Female
Tomi,Female
Nick,Male
Morgan,Female
Geno,Male
Evey,Female
Johnathan,Male
Fernanda,Female
Nate,Male
Henryetta,Female
Kial,Female
Karney,Male
Leesa,Female
Etti,Female
Sukey,Female
Crawford,Male
Deanna,Female
Zacharie,Male
Lyndell,Female
Biron,Male
Aluino,Male
Marsiella,Female
Bennie,Male
Devlen,Male
Seka,Female
Daisie,Female
Benyamin,Male
Joyce,Female
Mattie,Female
Michaella,Female
Aili,Female
Mag,Female
Darlleen,Female
Cinda,Female
Sophia,Female
Torie,Female
Alis,Female
Jeffry,Male
Don,Male
Cally,Female
Ursulina,Female
Tedra,Female
Philomena,Female
Malia,Female
Lark,Female
Carree,Female
Charlot,Female
Giorgio,Male
Curtis,Male
Carmine,Male
Rabbi,Male
Angus,Male
Alberto,Male
Loria,Female
Beryle,Female
Freddie,Male
Tybi,Female
Kamila,Female
Dietrich,Male
Agosto,Male
Inga,Female
Whitby,Male
Catharina,Female
Giustino,Male
Rozalin,Female
Earl,Male
Gavra,Female
Emmie,Female
Pryce,Male
Gardiner,Male
Caro,Female
Celene,Female
Nicky,Male
Genny,Female
Cindelyn,Female
Nicolle,Female
Carey,Female
Loni,Female
Olivier,Male
Jule,Male
Derwin,Male
Shandee,Female
Korey,Male
Gardy,Male
Rossie,Male
Merrel,Male
Abby,Male
Sauveur,Male
Skell,Male
Gates,Female
Jeddy,Male
Harley,Male
Violet,Female
Giffard,Male
Arlinda,Female
Christopher,Male
Gerda,Female
Del,Male
Bryant,Male
Bengt,Male
Lorie,Female
Adey,Female
Kaitlyn,Female
Tanner,Male
Lorianna,Female
Flossi,Female
Lew,Male
Issi,Female
Rickey,Male
Evelyn,Female
Raychel,Female
Flem,Male
Lia,Female
Katherina,Female
Mill,Male
Taite,Male
Fred,Female
Klarika,Female
Gonzales,Male
Riley,Male
Eamon,Male
Gasper,Male
Cece,Male
Jesse,Male
Nickie,Male
Blythe,Female
Theresita,Female
Terry,Male
Simone,Female
Myrtle,Female
Stanley,Male
Sutherland,Male
Tore,Male
Dory,Male
Boyd,Male
Coral,Female
Ravid,Male
Mikol,Male
Alfred,Male
Meryl,Male
Andres,Male
Cointon,Male
Kenna,Female
Josefa,Female
Claudie,Female
Jeniffer,Female
Reed,Male
Ramon,Male
Gertrudis,Female
Page,Female
Geri,Female
Durante,Male
Theodor,Male
Merwyn,Male
Tadeas,Male
Sayers,Male
Wileen,Female
Sande,Female
Lexis,Female
Em,Male
Lucy,Female
Simeon,Male
Hildegarde,Female
Carmelia,Female
Reilly,Male
Flory,Male
Allx,Female
Myrwyn,Male
Helli,Female
Archibold,Male
Ody,Male
Giff,Male
Dewie,Male
Augusto,Male
Devland,Male
Reinaldo,Male
Robb,Male
Claresta,Female
Karita,Female
Cleo,Female
Sherwood,Male
Ariadne,Female
Murdock,Male
Odilia,Female
Bessy,Female
Pammie,Female
Simonette,Female
Candy,Female
Evie,Female
Kristofor,Male
Lauren,Female
Levi,Male
Jenelle,Female
Isiahi,Male
Maureene,Female
Fanchette,Female
Sallee,Female
Carmen,Female
Lawton,Male
Mattheus,Male
Elenore,Female
Giffer,Male
Birch,Male
Emilia,Female
Glory,Female
Joshuah,Male
Wyndham,Male
Verney,Male
Walden,Male
Waylin,Male
Chas,Male
Fanchon,Female
Adam,Male
Garnet,Female
Ariella,Female
Bailie,Male
Umberto,Male
Cicely,Female
Laverna,Female
Erwin,Male
Sindee,Female
Douglass,Male
Miranda,Female
Douglas,Male
Nertie,Female
Sybyl,Female
Kristofer,Male
Celia,Female
Madelle,Female
Eldridge,Male
Lazare,Male
Reinhard,Male
Royall,Male
Micheline,Female
Wald,Male
Godwin,Male
Freddie,Female
Lucia,Female
Fletch,Male
Yorke,Male
Rhona,Female
Ferguson,Male
Nydia,Female
Cornie,Male
Ulrika,Female
Anabel,Female
Dyna,Female
Ulises,Male
Etienne,Male
Vanny,Female
Baillie,Male
Inglis,Male
Brand,Male
Debby,Female
Ebeneser,Male
Maiga,Female
Ossie,Male
Nissy,Female
Gasparo,Male
Lizzy,Female
Nannie,Female
Jere,Male
Jenni,Female
Denys,Male
Carena,Female
Loraine,Female
Ofella,Female
Cam,Female
Sonny,Female
Brietta,Female
Alexandra,Female
Pip,Male
Verge,Male
Claybourne,Male
Gallagher,Male
Glen,Female
Sandor,Male
Antoni,Male
Gian,Male
Lucien,Male
Branden,Male
Germana,Female
Cordelia,Female
Geordie,Male
Zeb,Male
Lilyan,Female
Marshall,Male
Jackson,Male
Guillermo,Male
Jacintha,Female
Shandy,Female
Waite,Male
Kaleb,Male
Mada,Female
Galen,Male
Cyb,Female
Maxim,Male
Lorant,Male
Tiler,Male
Kane,Male
Orella,Female
Benedikt,Male
Maura,Female
Adriana,Female
Gabbey,Female
Eleanor,Female
Anna,Female
Ruben,Male
Mitchell,Male
Cari,Female
Claire,Female
Brena,Female
Anatol,Male
Tibold,Male
Kirbie,Female
Wade,Male
Weber,Male
Dael,Female
Hildagard,Female
Alverta,Female
Lyon,Male
Paulo,Male
Arabelle,Female
Allan,Male
Law,Male
Alair,Male
Marylynne,Female
Mufi,Female
Anjela,Female
Ana,Female
Zaccaria,Male
Joellen,Female
Gianna,Female
Barnie,Male
Lexy,Female
Carissa,Female
Les,Male
Meggy,Female
Katrinka,Female
Luce,Male
Chastity,Female
Forster,Male
Boote,Male
Skipton,Male
Stu,Male
Diane-marie,Female
Ingamar,Male
Aubrey,Male
Britt,Female
Klarrisa,Female
Martelle,Female
Tersina,Female
Davina,Female
Maurits,Male
Hailee,Female
Alexandre,Male
Modesta,Female
Jerome,Male
Astra,Female
Case,Male
Roxanna,Female
Rasla,Female
Artair,Male
Godart,Male
Marilin,Female
Karon,Female
Kimmy,Female
Rudd,Male
Jaquelyn,Female
Sonia,Female
Gayel,Female
Delmer,Male
Zarla,Female
Deni,Female
Peria,Female
Myrna,Female
Tootsie,Female
Nara,Female
Nilson,Male
Adolphe,Male
Padriac,Male
Sanford,Male
Maryjane,Female
Ward,Male
Ennis,Male
Cicily,Female
Garry,Male
Camala,Female
Levin,Male
Shermy,Male
Hendrika,Female
Odelle,Female
Carlene,Female
Rebecka,Female
Tanya,Female
Jody,Male
Jodie,Male
Myriam,Female
Misti,Female
Sig,Male
Korry,Female
Clementine,Female
Thekla,Female
Adrianne,Female
Clarey,Female
Corbin,Male
Allys,Female
Rriocard,Male
Vyky,Female
Beltran,Male
Beauregard,Male
Abraham,Male
Adriena,Female
Rorke,Male
Sharleen,Female
Teddie,Male
Hermie,Male
Guglielmo,Male
Kip,Male
Griffie,Male
Veradis,Female
Johnna,Female
Rich,Male
Reiko,Female
Aloin,Male
Nathanil,Male
Constantine,Male
Cecile,Female
Stevy,Male
Rodrique,Male
Moria,Female
Merilee,Female
Erich,Male
Stephen,Male
Cesar,Male
Hinda,Female
Adair,Male
Pavlov,Male
Meriel,Female
Ronica,Female
Sorcha,Female
Sigismund,Male
Haily,Male
Amery,Male
Nikoletta,Female
Bondie,Male
Abbe,Female
Nichole,Male
Cecilio,Male
Goldie,Female
Anderson,Male
Galina,Female
Karlis,Male
Alena,Female
Hendrick,Male
Kimbra,Female
Cyril,Male
Berti,Female
Ariel,Female
Allison,Female
Dorolice,Female
Wilhelm,Male
Libbi,Female
Asa,Male
Godfree,Male
Gordie,Male
Fawn,Female
Austin,Male
Etheline,Female
Mathias,Male
Nelli,Female
Durant,Male
Willis,Male
Dennis,Male
Robenia,Female
Trixi,Female
Maible,Female
Gene,Male
Ania,Female
Judas,Male
Ber,Male
Josias,Male
Ericha,Female
Chadwick,Male
Tabor,Male
Guillemette,Female
Aubrey,Female
Crichton,Male
Fanny,Female
Aland,Male
Gibbie,Male
Dottie,Female
Breanne,Female
Karoly,Female
Alice,Female
Ancell,Male
Gareth,Male
Darci,Female
Darleen,Female
Doria,Female
Meridith,Female
Sal,Male
Den,Male
Marlow,Male
Seline,Female
Pamela,Female
Egan,Male
Emory,Male
April,Female
Marcos,Male
Thelma,Female
Dora,Female
Bert,Male
Rockey,Male
Angil,Female
Odell,Male
Tarra,Female
Menard,Male
Goober,Male
Barr,Male
Sven,Male
Andrew,Male
Kevin,Male
Thedrick,Male
Georgina,Female
Jefferey,Male
Lilah,Female
Ulrich,Male
Radcliffe,Male
Joell,Female
Karisa,Female
Carolan,Female
Shayla,Female
Brew,Male
Carleton,Male
Suzy,Female
Bevin,Male
Nadiya,Female
Darell,Female
Stavros,Male
Jesse,Female
Silas,Male
Gratiana,Female
Thurstan,Male
Jen,Female
Courtenay,Female
Cyrillus,Male
Andi,Female
Mariejeanne,Female
Madalyn,Female
Catrina,Female
Cleon,Male
Rosetta,Female
Robby,Female
Mischa,Male
Marketa,Female
Wash,Male
Pieter,Male
Vivien,Female
Tome,Male
Brenn,Female
Constantino,Male
Miguelita,Female
Gusella,Female
Akim,Male
Kaitlynn,Female
Essie,Female
Christal,Female
Seymour,Male
Francisco,Male
Lorens,Male
Sal,Female
Willabella,Female
Modestia,Female
Maddie,Female
Kean,Male
Gibby,Male
Ambrosi,Male
Pebrook,Male
Allegra,Female
Glendon,Male
Ced,Male
Sigismundo,Male
Bette,Female
Chip,Male
Any,Male
Jan,Female
Della,Female
Merola,Female
Hogan,Male
Mariana,Female
Kathye,Female
Rainer,Male
Victoir,Male
El,Male
Hadleigh,Male
Cathyleen,Female
Neils,Male
Weidar,Male
Umeko,Female
Vlad,Male
Ilsa,Female
Harald,Male
Concordia,Female
Iolande,Female
Sinclair,Male
Bevan,Male
Putnem,Male
Carrol,Male
Sally,Female
Krysta,Female
Orlando,Male
Tyrone,Male
Tammara,Female
Jillene,Female
Ilyse,Female
Lucie,Female
Cristabel,Female
Clarance,Male
Liza,Female
Jamesy,Male
Fabio,Male
Jenine,Female
Faina,Female
Joyann,Female
Quint,Male
Shawn,Male
Jonell,Female
Keven,Male
Fallon,Female
Corey,Male
Ruggiero,Male
Patrizius,Male
Fabe,Male
Sullivan,Male
Samuele,Male
Hervey,Male
Lilith,Female
Agnes,Female
Ailee,Female
Scotti,Male
Ignazio,Male
Guenevere,Female
Aldous,Male
Bernice,Female
Alexis,Female
Hildagarde,Female
Rheba,Female
Steffie,Female
Blondelle,Female
Jeni,Female
Briney,Female
Jemima,Female
Hakim,Male
Jordon,Male
Camila,Female
Hunter,Male
Krisha,Male
Gabie,Male
Farr,Male
Gerrard,Male
Val,Female
Donal,Male
Hector,Male
Ely,Male
Steven,Male
Merilyn,Female
Trudi,Female
Rubie,Female
Patsy,Male
Michaelina,Female
Trudie,Female
Claudine,Female
Marrilee,Female
Dulce,Female
Justin,Male
Giulio,Male
Brandy,Female
Christy,Female
Seward,Male
Upton,Male
Aeriell,Female
Alford,Male
Jilleen,Female
Erin,Male
Odelia,Female
Feodor,Male
Merv,Male
Viki,Female
Ericka,Female
Welch,Male
Claudia,Female
Agace,Female
Geneva,Female
Grannie,Male
Forbes,Male
Lotte,Female
Gui,Female
Kerianne,Female
Ardeen,Female
Johnath,Female
Ida,Female
Arlee,Female
Dix,Female
Essy,Female
Lloyd,Male
Cybil,Female
Cosmo,Male
Manda,Female
Billie,Male
Dian,Female
Shanan,Male
Christabella,Female
Pall,Male
Gerty,Female
Windham,Male
Debor,Female
Davis,Male
Derry,Male
Inger,Female
Godfry,Male
Sandi,Female
Carmel,Female
Sloan,Male
Maxy,Male
Charlena,Female
Luciano,Male
Arleen,Female
Barri,Male
Camille,Female
Carin,Female
Leeann,Female
Ellswerth,Male
Kristal,Female
Ronnie,Female
Reece,Male
Keriann,Female
Willie,Female
Emelita,Female
Jenifer,Female
William,Male
Walt,Male
Papageno,Male
Hieronymus,Male
Coleen,Female
Fairfax,Male
Cristine,Female
Isidoro,Male
Norma,Female
Roosevelt,Male
Hubert,Male
Murial,Female
Dru,Female
Wakefield,Male
Erl,Male
Kennith,Male
Northrop,Male
Lorinda,Female
Neville,Male
Ellene,Female
Ailsun,Female
Pearline,Female
Ted,Female
Salomo,Male
Ragnar,Male
Royal,Male
Gilbertine,Female
Loretta,Female
Talyah,Female
Evangelin,Female
Xaviera,Female
Tiphanie,Female
Dom,Male
Arley,Male
Lynda,Female
Raeann,Female
Alick,Male
Arnie,Male
Fiorenze,Female
Chiquia,Female
Barnebas,Male
Oswell,Male
Archy,Male
Dacia,Female
Brennen,Male
Georgie,Male
Sebastiano,Male
Jenilee,Female
Katharina,Female
Damian,Male
Antonie,Female
Jesus,Male
Maureen,Female
Fowler,Male
Vaughn,Male
Phillie,Female
Allyn,Female
Vivianna,Female
Dorie,Female
Jules,Male
Gerhardt,Male
Base,Male
Vale,Male
Janis,Female
Eolande,Female
Aguistin,Male
Dorry,Female
Aurora,Female
Jakie,Male
Skipp,Male
Lira,Female
Hardy,Male
Demetris,Male
Edvard,Male
Zorina,Female
Ignacio,Male
Vladimir,Male
Mia,Female
Beale,Male
Taffy,Female
Janene,Female
Audie,Female
Link,Male
Binky,Male
Paxton,Male
Mellie,Female
Tisha,Female
Querida,Female
Caren,Female
Zorana,Female
Enrique,Male
Renaud,Male
Franchot,Male
Tessy,Female
Jameson,Male
Giraldo,Male
Lucina,Female
Dorine,Female
Christos,Male
Pat,Male
Karlen,Female
Dulcine,Female
Laure,Female
Flossy,Female
Niles,Male
Georas,Male
Page,Male
Carlo,Male
Sianna,Female
Rutger,Male
Justino,Male
Diane,Female
Addi,Female
Millie,Female
Boigie,Male
Bunni,Female
Wyatt,Male
Augustine,Male
Myrle,Female
Lanie,Male
Konstanze,Female
Eddy,Female
Earvin,Male
Riccardo,Male
Heda,Female
Latisha,Female
Butch,Male
Cedric,Male
Jeanie,Female
Marylou,Female
Talbert,Male
Ansell,Male
Pietrek,Male
Elberta,Female
Jessie,Male
Gerianne,Female
Ester,Female
Farlee,Male
Missy,Female
Rora,Female
Kory,Male
Doro,Female
Ban,Male
Ted,Male
Malissia,Female
Andrey,Male
Anton,Male
Sibelle,Female
Rozina,Female
Derril,Male
Kristos,Male
Minna,Female
Dulcea,Female
Manuel,Male
Jacky,Female
Alex,Male
Isabella,Female
Alyosha,Male
Rois,Female
Siegfried,Male
Marena,Female
Laetitia,Female
Marice,Female
Giulietta,Female
Brandon,Male
Rafaello,Male
Melody,Female
Townie,Male
Claire,Male
Karola,Female
Mariam,Female
Kay,Female
Matthaeus,Male
Nyssa,Female
Idette,Female
Nonah,Female
Wenda,Female
Ashby,Male
Joye,Female
Corenda,Female
Ezri,Male
Gottfried,Male
Gaylene,Female
Ursa,Female
Gilberto,Male
Mildrid,Female
Ardine,Female
Emmalyn,Female
Parke,Male
Hunt,Male
Tarrance,Male
Bentlee,Male
Faye,Female
Hurleigh,Male
Gilbertina,Female
Annis,Female
Reinaldos,Male
Dee,Female
Buckie,Male
Walton,Male
Godard,Male
Wilie,Female
Herc,Male
Gerardo,Male
Carrie,Female
Yoko,Female
Almeria,Female
Roderic,Male
Alix,Male
Andreas,Male
Orelle,Female
Melisa,Female
Shanda,Female
Valaria,Female
Allina,Female
Brynne,Female
Ralph,Male
Marian,Female
Moshe,Male
Bethena,Female
Jocelyn,Female
Karyn,Female
Gabie,Female
Phylis,Female
Al,Male
Brigit,Female
Netty,Female
Tynan,Male
Manolo,Male
Foster,Male
Viviene,Female
Martyn,Male
Byrann,Male
Valentijn,Male
Daniella,Female
Mindy,Female
Lorianne,Female
Broddie,Male
Corny,Female
Isa,Male
Trix,Female
Sidnee,Male
Harp,Male
Shelton,Male
Rosalind,Female
Berna,Female
Valentino,Male
Betsy,Female
Xavier,Male
Anabelle,Female
Colas,Male
Mathew,Male
Giles,Male
Huntley,Male
Steffi,Female
Phineas,Male
Lissie,Female
Sauncho,Male
Luz,Female
Kilian,Male
Gaspar,Male
Magdaia,Female
Nil,Male
Granthem,Male
Adah,Female
Salem,Male
Vance,Male
Poppy,Female
Letizia,Female
Baxie,Male
Jilli,Female
Antonella,Female
Jacquelynn,Female
Herculie,Male
Salome,Female
Maximilianus,Male
Camilla,Female
Garrick,Male
Orly,Female
Odie,Male
Guthrey,Male
Claudius,Male
Pancho,Male
Lonnie,Male
Helga,Female
Dulci,Female
Josee,Female
Teddie,Female
Eldin,Male
Rory,Male
Quinta,Female
Gayleen,Female
Emmanuel,Male
Derick,Male
Lewiss,Male
Pat,Female
Reinhold,Male
Remington,Male
Ali,Male
Deloris,Female
Jeri,Female
Kathlin,Female
Emlen,Male
Ardath,Female
Edith,Female
Alexandro,Male
Dewitt,Male
Keenan,Male
Heloise,Female
Etta,Female
Noak,Male
Crosby,Male
Elayne,Female
Sebastien,Male
Babette,Female
Mamie,Female
Paxon,Male
Carmela,Female
Raoul,Male
Mata,Male
Kermie,Male
Ferdie,Male
Melamie,Female
Karim,Male
Neale,Male
Harold,Male
Coreen,Female
Jenna,Female
Jarret,Male
Guthry,Male
Itch,Male
Rebecca,Female
Lib,Female
Donnell,Male
Ewart,Male
Brett,Female
Ram,Male
Cobby,Male
Muire,Female
Maitilde,Female
Hilde,Female
Boycie,Male
Maggi,Female
Drusi,Female
Stanwood,Male
Cybill,Female
Lianna,Female
Fancy,Female
Chrysler,Female
Idaline,Female
Conney,Male
Anna-maria,Female
Kelvin,Male
Pooh,Male
Babara,Female
Mareah,Female
Hortense,Female
Erica,Female
Hedi,Female
Joly,Female
Kathy,Female
Clotilda,Female
Mina,Female
Sophie,Female
Hartley,Male
Xever,Male
Lionello,Male
Gabriella,Female
Gunter,Male
Talya,Female
Alphard,Male
Charlotte,Female
Elia,Male
Ellary,Male
Ivette,Female
Fernandina,Female
Ralf,Male
Guilbert,Male
Skippy,Male
Derron,Male
Carolann,Female
Nikola,Male
Robyn,Female
Giovanna,Female
Silvan,Male
Reagan,Male
Vassily,Male
Robin,Male
Star,Female
Bili,Female
Vasili,Male
Finley,Male
Jamima,Female
Hestia,Female
Tab,Male
Sayer,Male
Sophronia,Female
Breena,Female
Benita,Female
Silvie,Female
Cheston,Male
Dallas,Male
Wells,Male
Amaleta,Female
Imelda,Female
Merrili,Female
Samson,Male
Melodee,Female
Robinson,Male
Ibrahim,Male
Traver,Male
Caleb,Male
Blondell,Female
Aubert,Male
Kali,Female
Spenser,Male
Wilma,Female
Viva,Female
Herman,Male
Lurline,Female
Patty,Male
Dalston,Male
Annie,Female
Erin,Female
Jeannette,Female
Bertie,Female
Berti,Male
Ryan,Male
Roger,Male
Nady,Female
Kareem,Male
Zacharia,Male
Maryl,Female
Rockwell,Male
Glennie,Female
Stuart,Male
Ofilia,Female
Jillana,Female
Land,Male
Vernor,Male
Burty,Male
Cornelle,Female
Lucio,Male
Sharona,Female
Aaron,Male
Fulvia,Female
Niel,Male
Claribel,Female
Prudi,Female
Maritsa,Female
Ross,Male
Kristoffer,Male
Yankee,Male
Ethelbert,Male
Bambi,Female
Phil,Female
Danice,Female
Gerome,Male
Desiree,Female
Gal,Male
Bennett,Male
Tana,Female
Olly,Male
Billy,Female
Rooney,Male
Tabina,Female
Catha,Female
Jabez,Male
Muriel,Female
Cornela,Female
Damon,Male
Nahum,Male
Sheela,Female
Bronny,Male
Berny,Female
Jacquenette,Female
Blinni,Female
Jedd,Male
Isaac,Male
Engracia,Female
Brent,Male
Aeriel,Female
Morgun,Male
Minnie,Female
Harmony,Female
Brandais,Female
Clementina,Female
Leonanie,Female
Terri,Female
Tiebout,Male
Igor,Male
Delora,Female
Trever,Male
Enrica,Female
Adrian,Female
Isis,Female
Pippo,Male
Mella,Female
Fidelia,Female
Arlyn,Female
Koressa,Female
Swen,Male
Junette,Female
Lazaro,Male
Shaina,Female
Bartie,Male
Jozef,Male
Margalit,Female
Hugo,Male
Moises,Male
Nananne,Female
Louis,Male
Jermaine,Female
Mayne,Male
Waverley,Male
Sibyl,Female
Jody,Female
Gregorius,Male
Myrvyn,Male
Dmitri,Male
Tiphany,Female
Kiele,Female
Ara,Female
Chelsea,Female
Philippe,Female
Tyson,Male
Lanny,Female
Paule,Female
Irene,Female
Gertrud,Female
Sheila,Female
Sibyl,Male
Beniamino,Male
Lorain,Female
Calida,Female
Brice,Male
Carina,Female
Noella,Female
Kirbee,Female
Ajay,Female
Revkah,Female
Fedora,Female
Eada,Female
Tomkin,Male
Tricia,Female
Mathilde,Female
Clarinda,Female
Rosemarie,Female
Melva,Female
Sim,Male
Lefty,Male
Janot,Female
Weider,Male
Linoel,Male
Jessa,Female
Galvan,Male
Kippar,Male
Venus,Female
Frants,Male
Alyson,Female
Lind,Female
Katya,Female
Claudian,Male
Britteny,Female
Filippo,Male
Sonnnie,Female
Auberta,Female
Eleonora,Female
Ursula,Female
Lebbie,Female
Nesta,Female
Jelene,Female
Celestia,Female
Brian,Male
Dal,Male
Blaire,Female
Erskine,Male
Ellery,Male
Rica,Female
Garvin,Male
Sadye,Female
Gae,Female
Jamie,Female
Emogene,Female
Terza,Female
Lita,Female
Rosanna,Female
Winnifred,Female
Rori,Female
Conrad,Male
Christoffer,Male
Alicia,Female
Alfredo,Male
Jeniece,Female
Kalinda,Female
Maggie,Female
Thayne,Male
Marcelo,Male
Gaby,Male
Jayme,Female
Emmit,Male
Yul,Male
Therese,Female
Antony,Male
Adolphus,Male
Matthias,Male
Dena,Female
Nessie,Female
Teodorico,Male
Maria,Female
Krishnah,Male
Brandtr,Male
Hastings,Male
Costa,Male
Sly,Male
Irvine,Male
Gizela,Female
Thoma,Male
Larisa,Female
Lucais,Male
Allissa,Female
Susi,Female
Loralyn,Female
Zilvia,Female
Justis,Male
Marlyn,Female
Alessandro,Male
Nealson,Male
Dierdre,Female
Kenyon,Male
Alisa,Female
Barbaraanne,Female
Vivianne,Female
Sanders,Male
Aleece,Female
Clevie,Male
Kristien,Female
Davey,Male
Jeannie,Female
Lilias,Female
Payton,Male
Thurston,Male
Corrie,Male
Amara,Female
Nial,Male
Eula,Female
Kingsly,Male
Dorothy,Female
Barron,Male
Natty,Female
Norbert,Male
Davin,Male
Diann,Female
Reginauld,Male
Michaela,Female
Woodie,Male
Brooks,Female
Bill,Female
Lonni,Female
Wiatt,Male
Bendick,Male
Benni,Female
Hermy,Male
Atlanta,Female
Juan,Male
Wren,Female
Lynnette,Female
Tadd,Male
Gloria,Female
Charo,Female
Porty,Male
Frederik,Male
Violetta,Female
Gracie,Female
Trevar,Male
Cameron,Male
Gretchen,Female
Grady,Male
Tamera,Female
Aila,Female
Ignace,Male
Alexandros,Male
Leigh,Male
Florenza,Female
Alanna,Female
Andras,Male
Maire,Female
Doti,Female
Kessia,Female
Si,Male
Rasia,Female
Mead,Male
Ravi,Male
Kaleena,Female
Aldridge,Male
Franciskus,Male
Napoleon,Male
Yovonnda,Female
Reinold,Male
Rhodia,Female
Andriette,Female
Terrye,Female
Freemon,Male
Nedda,Female
Eyde,Female
Christi,Female
Nikki,Male
Yanaton,Male
Lory,Female
Mab,Female
Casi,Female
Raimondo,Male
Taber,Male
Leeland,Male
Cindra,Female
Opal,Female
Calhoun,Male
Budd,Male
Cad,Male
Fransisco,Male
Winthrop,Male
Bendicty,Male
Paten,Male
Andre,Male
Celine,Female
Clea,Female
Glori,Female
Tobi,Female
Alie,Female
Mayer,Male
Isa,Female
Jillayne,Female
Cosetta,Female
Cort,Male
Caryn,Female
Eva,Female
Andee,Female
Brewer,Male
Nicolea,Female
Rozalie,Female
Sibilla,Female
Raddy,Male
Pierrette,Female
Julissa,Female
Mickey,Male
Carling,Male
Ronny,Male
Lorena,Female
Sarine,Female
Editha,Female
Nadean,Female
Modesty,Female
Marlon,Male
Cyndi,Female
Godiva,Female
Aliza,Female
Egbert,Male
Birk,Male
Cherise,Female
Erny,Male
Reynold,Male
Ambros,Male
Caroline,Female
Nichols,Male
Mikel,Male
Bobby,Female
Denney,Male
Kimberlyn,Female
Che,Male
Hewitt,Male
Artie,Male
Tailor,Male
Vere,Female
Ruby,Male
Hailey,Male
Sherlock,Male
Rafaela,Female
Sisely,Female
Wally,Male
Denver,Male
Kayne,Male
Lacee,Female
Ellie,Female
Fonzie,Male
Claudette,Female
Sargent,Male
Lin,Male
Serene,Female
Felicio,Male
Antoine,Male
Kristo,Male
Dolph,Male
Callean,Male
Elbertine,Female
Gill,Male
Ermentrude,Female
Kelley,Female
Kiley,Male
Dion,Female
Anders,Male
Vittorio,Male
Jarrad,Male
Trula,Female
Cornelia,Female
Daniel,Male
Kenny,Male
King,Male
Jocko,Male
Vinni,Female
Alyssa,Female
Robbert,Male
Lion,Male
Xerxes,Male
Adelheid,Female
Farrell,Male
Gena,Female
Gibb,Male
Bourke,Male
Dorena,Female
Britney,Female
Dorri,Female
Elizabet,Female
Ferdinande,Female
Gay,Male
Annetta,Female
Mercy,Female
Sunshine,Female
D'arcy,Male
Alica,Female
Seth,Male
Amelita,Female
Dwayne,Male
Lela,Female
Marcelle,Female
Bucky,Male
Deny,Female
Lorne,Male
Florina,Female
Kary,Female
Merrile,Female
Winslow,Male
Francene,Female
Kirsten,Female
Rosene,Female
Theodoric,Male
Granger,Male
Delia,Female
Maressa,Female
Cody,Male
Suzie,Female
Milissent,Female
Dell,Female
Ansel,Male
Rivy,Female
Eleni,Female
Jaimie,Female
Werner,Male
Jermaine,Male
Stefa,Female
Matthiew,Male
Barnaby,Male
Fremont,Male
Virgina,Female
Portia,Female
Tressa,Female
Kissiah,Female
Sarette,Female
John,Male
Debee,Female
Ford,Male
Jeromy,Male
Oby,Male
Ichabod,Male
Jilly,Female
Abbot,Male
Helenelizabeth,Female
Salvador,Male
Tawnya,Female
Marmaduke,Male
Issy,Female
Markus,Male
Mandi,Female
Staffard,Male
Win,Male
Gerry,Male
Frederich,Male
Regina,Female
Adena,Female
Worthington,Male
Carlynne,Female
Edee,Female
Lian,Female
Anallese,Female
Powell,Male
Richmound,Male
Rowland,Male
Rudy,Male
Broderick,Male
Solomon,Male
Bonnee,Female
Bartholemy,Male
Tallia,Female
Emelyne,Female
Nollie,Male
Darcee,Female
Jessalin,Female
Timofei,Male
Bonnibelle,Female
Neille,Female
Linnea,Female
Ring,Male
Gardener,Male
Clare,Female
Cristal,Female
Blondie,Female
Fabian,Male
Harlin,Male
Ondrea,Female
Lorri,Female
Torey,Female
Cathi,Female
Leonid,Male
Annabela,Female
Dredi,Female
Jock,Male
Niven,Male
Beverlee,Female
Darwin,Male
Yetta,Female
Brig,Male
Siouxie,Female
Nikita,Male
Halimeda,Female
Jsandye,Female
Thain,Male
Nikki,Female
Arman,Male
Martino,Male
Elliot,Male
Boone,Male
Randal,Male
Rebekah,Female
Curtice,Male
Mordy,Male
Edmund,Male
Trenna,Female
Kyle,Male
Cori,Female
Madelina,Female
Rafe,Male
Serena,Female
Torrey,Male
Kippy,Female
Randy,Female
Krystyna,Female
Benjie,Male
Bambie,Female
Marji,Female
Dennie,Male
Dyan,Female
Julius,Male
Chickie,Female
Abigale,Female
Maridel,Female
Paulette,Female
Shep,Male
Eugene,Male
Dyana,Female
Kevon,Male
Stephana,Female
Zebulon,Male
Joelie,Female
Cleve,Male
Lorenzo,Male
Barnabas,Male
Pavia,Female
Jasmine,Female
Claus,Male
Annette,Female
Kalie,Female
Kit,Male
Delainey,Male
Sheff,Male
Angelique,Female
Bart,Male
Cirilo,Male
Lorrie,Male
Fair,Male
Irving,Male
Kayla,Female
Lorrin,Female
Bella,Female
Nadine,Female
Shell,Female
Earle,Male
Lila,Female
Daryl,Female
Alwyn,Male
Karee,Female
Bertha,Female
Eb,Male
Dionis,Female
Neddie,Male
Emili,Female
Giselbert,Male
Sigfrid,Male
Kimberly,Female
Jade,Female
Monica,Female
Duke,Male
Bathsheba,Female
Gradeigh,Male
Gray,Female
Melanie,Female
Yorker,Male
Dotty,Female
Thorny,Male
Dionysus,Male
Roarke,Male
Indira,Female
Obadias,Male
Dominique,Female
Jackelyn,Female
Jethro,Male
Tanney,Male
Sylvester,Male
Joanie,Female
Atlante,Female
Jenica,Female
Dalton,Male
Sidonnie,Female
Blakelee,Female
Eugine,Female
Brande,Female
Frasquito,Male
Brodie,Male
Annadiana,Female
Melantha,Female
Haze,Male
Katti,Female
Janaya,Female
Alano,Male
Jacynth,Female
Carmina,Female
Livia,Female
Nicoli,Female
Carilyn,Female
Thorin,Male
Heinrik,Male
Carolyne,Female
Camel,Female
Cassandra,Female
Kamilah,Female
Leila,Female
Hyacinth,Female
Knox,Male
Jemmy,Female
Boothe,Male
Layne,Female
Cirstoforo,Male
Bradan,Male
Felic,Male
Heinrick,Male
Freddi,Female
Trip,Male
Christean,Female
Freeman,Male
Renado,Male
Blanche,Female
Janaye,Female
Wit,Male
Tamarah,Female
Monti,Male
Karlik,Male
Jerry,Female
Nappy,Male
Lyman,Male
Davidson,Male
Carroll,Male
Crysta,Female
Leslie,Male
Ervin,Male
Jacques,Male
Ranique,Female
Mordecai,Male
Winne,Female
Laurianne,Female
Hedvig,Female
Toinette,Female
Natale,Male
Puff,Male
Friedrich,Male
Walker,Male
Chloe,Female
Marcie,Female
Haily,Female
Alexander,Male
Jaimie,Male
Karole,Female
Audrie,Female
Rubin,Male
Kevina,Female
Ardis,Female
Lexi,Female
Lovell,Male
Emera,Female
Paddy,Male
Percival,Male
Mike,Male
Drake,Male
Decca,Male
Danya,Male
Barde,Male
Jerrie,Male
Janek,Male
Izak,Male
Krystal,Female
Angel,Female
Hillary,Female
Anastasie,Female
Malvina,Female
Truda,Female
Eadmund,Male
Carol,Female
Marjorie,Female
Finlay,Male
Hayyim,Male
Wilden,Male
Isabel,Female
Feliks,Male
Javier,Male
Fleur,Female
Juliet,Female
Lowrance,Male
Evangelina,Female
Alfie,Male
Rikki,Female
Chan,Male
Jeffy,Male
Marjie,Female
Hali,Female
Karilynn,Female
Perle,Female
Alejoa,Male
Paco,Male
Dave,Male
Eryn,Female
Milton,Male
Lamar,Male
Matelda,Female
Fey,Female
Rene,Male
Euell,Male
Feliza,Female
Ambrosius,Male
Norrie,Female
Othelia,Female
Almira,Female
Kerwinn,Male
Caldwell,Male
Rick,Male
Analiese,Female
Isadora,Female
Amory,Male
Panchito,Male
Valencia,Female
Alikee,Female
Hatty,Female
Kristel,Female
Nissie,Female
Georgette,Female
Madlen,Female
Candice,Female
Dru,Male
Katrine,Female
Anatole,Male
Greer,Female
Jewell,Female
Marion,Female
Alex,Female
Roderich,Male
Richart,Male
Merrill,Male
Dene,Male
Griswold,Male
Trish,Female
Nobie,Male
Raquel,Female
Anstice,Female
Niels,Male
Madelene,Female
Kent,Male
Junia,Female
Abbye,Female
Edik,Male
Kessiah,Female
Kaylee,Female
Gaye,Female
Peyton,Male
Ricki,Male
Marje,Female
Bernardo,Male
Oliy,Female
Beverlie,Female
Brinna,Female
Bobbee,Female
Wendye,Female
Shana,Female
Eileen,Female
Marybeth,Female
Camellia,Female
Morten,Male
Arly,Female
Gorden,Male
Cello,Male
Paddie,Male
Ab,Male
Lynn,Female
Dicky,Male
Celinda,Female
Veriee,Female
Belinda,Female
Dwight,Male
Stewart,Male
Koralle,Female
Regan,Female
Rafferty,Male
Crista,Female
Ethan,Male
Martica,Female
Hannah,Female
Clerkclaude,Male
Martie,Female
Chalmers,Male
Trina,Female
Percy,Male
Katie,Female
Gavrielle,Female
Madalena,Female
Flori,Female
Zachariah,Male
Ferne,Female
Malcolm,Male
Shirlene,Female
Ruttger,Male
Brock,Male
Drew,Male
Franni,Female
Susy,Female
Kizzee,Female
Marla,Female
Neal,Male
Westbrook,Male
Lucinda,Female
Audy,Female
Jana,Female
Donetta,Female
Janeen,Female
Sigismondo,Male
Stephenie,Female
Bridgette,Female
Hatti,Female
Warde,Male
Hymie,Male
Lyn,Male
Ianthe,Female
Fairlie,Male
Frederique,Female
Magda,Female
Alexa,Female
Belle,Female
Terese,Female
Darbie,Female
Arline,Female
Zenia,Female
Rebeca,Female
Issiah,Male
Cammy,Male
Estella,Female
Kiel,Male
Mano,Male
Nealy,Male
Timmy,Female
Giovanni,Male
Jamill,Male
Maurine,Female
Valli,Female
Gaven,Male
Celestina,Female
Candida,Female
Clair,Female
Rance,Male
Delphinia,Female
Alika,Female
Ardra,Female
Dalenna,Female
Alison,Female
Franklyn,Male
Zorine,Female
Austina,Female
Domingo,Male
Obie,Male
Berget,Female
Prisca,Female
Sibylle,Female
Opalina,Female
Mikaela,Female
Katusha,Female
Urbano,Male
Adi,Female
Trudey,Female
Carie,Female
Gan,Male
Marcille,Female
Bjorn,Male
Tessa,Female
Lorita,Female
Cal,Female
Karel,Male
Davidde,Male
Gun,Male
Nico,Male
Tull,Male
Crin,Female
Bertine,Female
Stanton,Male
Christyna,Female
Karna,Female
Rafaelia,Female
Bell,Female
Leanor,Female
Melita,Female
Michal,Female
Gav,Male
Olympie,Female
Kin,Male
Constanta,Female
Alphonso,Male
Kipper,Male
Ambrose,Male
Jonah,Male
Andria,Female
Adrea,Female
Ingrid,Female
Hettie,Female
Curran,Male
Ros,Female
Duff,Male
Pris,Female
Sherwin,Male
Merry,Male
Cullan,Male
Pembroke,Male
Morgen,Male
Husein,Male
Tommie,Male
Harcourt,Male
Idalina,Female
Rivkah,Female
Clarke,Male
Verne,Male
Kate,Female
Lynnea,Female
Laureen,Female
Eveleen,Female
Gray,Male
Jacki,Female
Amble,Male
Sanderson,Male
Marylin,Female
Bidget,Female
Stefano,Male
Grete,Female
Christie,Female
Shay,Male
Miriam,Female
Alon,Male
Averil,Male
Spense,Male
Ceciley,Female
Urbanus,Male
Zahara,Female
Warren,Male
Ingar,Male
Norry,Female
Lari,Female
Ade,Male
Fabien,Male
Daven,Male
Wandie,Female
Fanni,Female
Sander,Male
Ilaire,Male
Andree,Female
Brady,Male
Caria,Female
Philis,Female
Aurie,Female
Kimmie,Female
Taylor,Male
Edmon,Male
Farleigh,Male
Deanne,Female
Vinnie,Male
Izzy,Male
Cheryl,Female
Bronson,Male
Gunther,Male
Jaquelin,Female
Gaspard,Male
Ransell,Male
My,Male
Raul,Male
Hugues,Male
Stephi,Female
Britte,Female
Natalie,Female
Doroteya,Female
Farah,Female
Simona,Female
Stanislaus,Male
Northrup,Male
Fredericka,Female
Aubine,Female
Pepita,Female
Tyne,Female
Sibeal,Female
Brandise,Female
Henderson,Male
Brigg,Male
Matias,Male
Angelina,Female
Nelia,Female
Roderigo,Male
Elihu,Male
Baryram,Male
Curr,Male
Port,Male
Starla,Female
Annabelle,Female
Bab,Female
Cesare,Male
Melisande,Female
Allayne,Male
Chev,Male
Alexandrina,Female
Rowe,Female
Gabriell,Female
Camile,Female
Raviv,Male
Saundra,Male
Gerick,Male
Jaquenette,Female
Wilona,Female
Nicol,Male
Sutherlan,Male
Noelyn,Female
Gilligan,Female
Peder,Male
Rozanna,Female
Rosa,Female
Nola,Female
Jae,Male
Kris,Female
Benedicta,Female
Cchaddie,Male
Renate,Female
Keely,Female
Demetrius,Male
Harvey,Male
Jessy,Female
Verile,Female
Russell,Male
Byrle,Male
Bernadina,Female
Darn,Male
Herby,Male
Robers,Male
Adina,Female
Phillipp,Male
Cathleen,Female
Kelli,Female
Hersch,Male
Evyn,Male
Devinne,Female
Tania,Female
Tallou,Female
Starlene,Female
Malynda,Female
Kaycee,Female
Jannelle,Female
Artemas,Male
Wake,Male
Lorilyn,Female
Seamus,Male
Roberto,Male
Cherri,Female
Juliana,Female
Tamas,Male
Farley,Male
Durward,Male
Kandace,Female
Maxi,Female
Teriann,Female
Shelley,Male
Deborah,Female
Augustin,Male
Sloane,Male
Konstance,Female
Adelice,Female
Amii,Female
Mandie,Female
Geraldine,Female
Kienan,Male
Zelda,Female
Nev,Male
Moritz,Male
Cher,Female
Cherry,Female
Odelinda,Female
Amabelle,Female
Philipa,Female
Lyndsay,Female
Raleigh,Male
Cariotta,Female
Shirline,Female
Kellen,Female
Allyn,Male
Hakeem,Male
Ingaberg,Female
Carlin,Male
Babita,Female
Drucie,Female
Rebe,Female
Marten,Male
Meredithe,Female
Emyle,Female
Lemar,Male
Cyrille,Male
Casey,Male
Norri,Female
Nelly,Female
Daisey,Female
Dur,Male
Kirsti,Female
Winfred,Male
Allen,Male
Benedick,Male
Licha,Female
Germain,Male
Gwen,Female
Cosette,Female
Terrel,Male
Anett,Female
Tally,Male
Carr,Male
Aube,Male
Angeli,Male
Obidiah,Male
Sergei,Male
Lambert,Male
Wilmette,Female
Selene,Female
Grata,Female
Nevil,Male
Stacy,Male
Bax,Male
Ignatius,Male
Nevins,Male
Whitaker,Male
Heather,Female
Birdie,Female
Ruth,Female
Caralie,Female
Mel,Female
Rouvin,Male
Benedetta,Female
Humfrid,Male
Jordan,Female
Kinny,Male
Esmaria,Female
Abdel,Male
Nana,Female
Sansone,Male
Mariellen,Female
Hersh,Male
Vernon,Male
Aileen,Female
Layton,Male
Bastien,Male
Randi,Male
Elbertina,Female
Bobbette,Female
Nat,Female
Jill,Female
Bonnie,Female
Hasheem,Male
Jess,Female
Taddeusz,Male
Locke,Male
Maryanna,Female
Clint,Male
Beckie,Female
Orson,Male
Silvia,Female
Petr,Male
Tommi,Female
Riobard,Male
Maggy,Female
Tasha,Female
Dosi,Female
Field,Male
Roddy,Male
Emery,Male
Lukas,Male
Norton,Male
Shalom,Male
Skip,Male
Ricki,Female
Dallis,Male
Melicent,Female
Munmro,Male
Meghan,Female
Tandi,Female
Burg,Male
Nikos,Male
Cosme,Male
Renell,Female
Gayle,Female
Giuseppe,Male
Nealon,Male
Arie,Male
Lindsey,Male
Clement,Male
Addie,Female
Giustina,Female
Faith,Female
Roseanne,Female
Kalvin,Male
Phylys,Female
Melessa,Female
Jone,Male
Claudelle,Female
Cobb,Male
Brnaby,Male
Darb,Male
Kyla,Female
Maryrose,Female
Ciro,Male
Leshia,Female
Banky,Male
Leisha,Female
Gussy,Female
Alan,Male
Gustav,Male
Saunders,Male
Nevin,Male
Rubina,Female
Homer,Male
Chiarra,Female
Oralia,Female
Catharine,Female
Leone,Female
Elysha,Female
Leonelle,Female
Bev,Male
Dew,Male
Norine,Female
Janean,Female
Waldon,Male
Avril,Female
Logan,Male
Cahra,Female
Livvyy,Female
Brennan,Male
Denni,Female
Regan,Male
Lenka,Female
Adoree,Female
Keelia,Female
Fancie,Female
Zelma,Female
Naoma,Female
Lowell,Male
Nari,Female
Alfonso,Male
Sibel,Female
Valeria,Female
Erminie,Female
Eldredge,Male
Alicea,Female
Maris,Female
Agathe,Female
Meredith,Male
Marietta,Male
Abba,Male
Siffre,Male
Dore,Female
Ewen,Male
Saxe,Male
Adamo,Male
Hazel,Male
Layney,Female
Nataniel,Male
Goddart,Male
Conroy,Male
Lea,Female
Vi,Female
Ax,Male
Estell,Female
Willette,Female
Aharon,Male
Dido,Female
Kerby,Male
Vonny,Female
Beryl,Female
Zared,Male
Ringo,Male
Katheryn,Female
Elvin,Male
Alberta,Female
Lauralee,Female
Darcy,Female
Zacharias,Male
Alaster,Male
Humphrey,Male
Stafford,Male
Winnie,Male
Glenden,Male
Marchall,Male
Rosemaria,Female
Stacy,Female
Lindie,Female
Aymer,Male
Gertie,Female
Efren,Male
Deva,Female
Rinaldo,Male
Garnette,Female
Bob,Male
Ynez,Female
Harrietta,Female
Shaine,Female
Kelsy,Female
Bank,Male
Diana,Female
Ophelie,Female
Amandie,Female
Maxine,Female
Brynn,Female
Son,Male
Shurlock,Male
Jewel,Female
Arther,Male
Kristen,Female
Fredek,Male
Lyndel,Female
Filippa,Female
Caddric,Male
Adorne,Female
Connie,Female
Anitra,Female
Baird,Male
Barrie,Male
Lorelei,Female
Vasily,Male
Caspar,Male
Boony,Male
Tonnie,Male
Geoffrey,Male
Almire,Female
Agata,Female
Doreen,Female
Annabel,Female
Arvin,Male
Wilfrid,Male
Lamont,Male
Alla,Female
Effie,Female
Lacie,Female
Malachi,Male
Zitella,Female
Marget,Female
Grace,Female
Anya,Female
Marc,Male
Cristiano,Male
Marika,Female
Cozmo,Male
Chryste,Female
Leda,Female
Grace,Male
Ryon,Male
Dusty,Female
Alphonse,Male
Johna,Female
Tudor,Male
Lyell,Male
Drusie,Female
Weylin,Male
Daphne,Female
Lizette,Female
Glenn,Male
Aurelie,Female
Raine,Female
Marlene,Female
Averil,Female
Donny,Female
Alf,Male
Major,Male
Kassie,Female
Florri,Female
Town,Male
Jason,Male
Kayle,Female
Jaclin,Female
Marcy,Female
Linzy,Female
Jayson,Male
Daphene,Female
Joletta,Female
Myranda,Female
Ainsley,Female
Rudie,Male
Hillary,Male
Stepha,Female
Helyn,Female
Lavinia,Female
Horten,Male
Harrie,Female
Diannne,Female
Ronnica,Female
Cinderella,Female
Merlina,Female
Lilas,Female
Neely,Female
Lesley,Male
Marni,Female
Renata,Female
Gina,Female
Denys,Female
Neron,Male
Nicolina,Female
Maxie,Male
Letti,Female
Patsy,Female
Lynnell,Female
Quill,Male
Milena,Female
Kellen,Male
Cortney,Female
Desmund,Male
Letta,Female
Brittney,Female
Aubree,Female
Gage,Male
Halsy,Male
Zeke,Male
Fionna,Female
Alfonse,Male
Webster,Male
Gunilla,Female
Almeda,Female
Nettie,Female
Valry,Female
Bianka,Female
Fidole,Male
Heida,Female
Danit,Female
Selena,Female
Leupold,Male
Nicolas,Male
Bryna,Female
Sergeant,Male
Ophelia,Female
Delbert,Male
Peg,Female
Fidel,Male
Krista,Female
Ebenezer,Male
Colby,Male
Carmita,Female
Daune,Female
Tansy,Female
Julie,Female
Alisun,Female
Nelson,Male
Engelbert,Male
Darrel,Male
Delores,Female
Luise,Female
Lorilee,Female
Angelico,Male
Vilhelmina,Female
Thorndike,Male
Toma,Female
Putnam,Male
Lindsay,Male
Shepherd,Male
Teodoor,Male
Derrik,Male
Reese,Male
Audra,Female
Kelbee,Male
Kerr,Male
Rossy,Male
Tabbatha,Female
Conni,Female
Salmon,Male
Christoph,Male
Sherm,Male
Annalee,Female
Tanitansy,Female
Desmond,Male
Donall,Male
Zachery,Male
Ernestus,Male
Asher,Male
Goddard,Male
Nikolas,Male
Elga,Female
Alayne,Female
Emmaline,Female
Joseito,Male
Avigdor,Male
Heidie,Female
Devon,Female
Oran,Male
Reggis,Male
Constantina,Female
Nathalie,Female
Geri,Male
Carolin,Female
Ignacius,Male
Noemi,Female
Krissie,Female
Ty,Male
Portie,Male
Ian,Male
Jacklyn,Female
Bellina,Female
Edin,Female
Armando,Male
Yancy,Male
Shayne,Female
Rochell,Female
Marcello,Male
Elwood,Male
Clementia,Female
Clarice,Female
Shawnee,Female
Glyn,Male
Willi,Male
Vania,Female
Bryn,Female
Ora,Female
Morse,Male
Natka,Female
Walther,Male
Lay,Male
Kenn,Male
Tucky,Male
Horacio,Male
Fidelity,Female
Claiborn,Male
Bren,Female
Yardley,Male
Cynthie,Female
Raimundo,Male
Chucho,Male
Batholomew,Male
Kynthia,Female
Anderea,Female
Ken,Male
Cyndie,Female
Elias,Male
Roana,Female
Annabella,Female
Georgeta,Female
Priscella,Female
Donavon,Male
Catie,Female
Kennie,Male
Noel,Male
Calypso,Female
Shane,Female
Devonna,Female
Kathe,Female
Fitzgerald,Male
Cordula,Female
Clare,Male
Rodney,Male
Alfi,Female
Kelwin,Male
Loreen,Female
Mariel,Female
Abbie,Female
Hughie,Male
Dulciana,Female
Anabella,Female
Joella,Female
Cathy,Female
Harwell,Male
Vasilis,Male
Haskell,Male
Brooks,Male
Vicki,Female
Deirdre,Female
Jennie,Female
Celestyna,Female
Mame,Female
Kelsey,Male
Corinne,Female
Mable,Female
Petronia,Female
Leoline,Female
Keen,Male
Germayne,Male
Pattie,Male
Melisse,Female
Ilario,Male
Kimbell,Male
Mavra,Female
Padraic,Male
Dinny,Female
Griffin,Male
Lillis,Female
Husain,Male
Dela,Female
Otho,Male
Alfie,Female
Chlo,Female
Leo,Male
Dario,Male
Hollis,Male
Georgie,Female
Melitta,Female
Brunhilda,Female
Rosalinde,Female
Janel,Female
Kacey,Female
Floria,Female
Mil,Female
Sophey,Female
Otes,Male
Bradley,Male
Alejandrina,Female
Leora,Female
Erma,Female
Dell,Male
Stella,Female
Janelle,Female
Rayshell,Female
Korney,Female
Gardner,Male
Tammy,Male
Clark,Male
Lewes,Male
Margareta,Female
Kiri,Female
Shanon,Female
Emma,Female
Nonnah,Female
Wilhelmine,Female
Hilliary,Female
Rheta,Female
Zonnya,Female
Allister,Male
Dan,Male
Hobey,Male
Scottie,Male
Josh,Male
Tracie,Male
Danyelle,Female
Dav,Male
Buck,Male
Clarette,Female
Lannie,Male
Davine,Female
Crystal,Female
Monro,Male
Regine,Female
Anthia,Female
Jeff,Male
Maximilien,Male
Annadiane,Female
Melvin,Male
Nollie,Female
Rodrigo,Male
Halsey,Male
Leah,Female
Rubia,Female
Rosaline,Female
Robinet,Female
Spike,Male
Josephine,Female
Kellia,Female
Izaak,Male
Corry,Female
Lotta,Female
Nickolaus,Male
Elora,Female
Bondon,Male
Josselyn,Female
Monique,Female
Coraline,Female
Nichole,Female
Jodie,Female
Roch,Female
Shepard,Male
Terrie,Female
Diego,Male
Bobbe,Female
Yvon,Male
Merissa,Female
Marietta,Female
Enid,Female
Joline,Female
Corette,Female
Care,Male
Karolina,Female
Benoit,Male
Inna,Female
Diena,Female
Prue,Female
Tadeo,Male
Fidela,Female
Jo,Male
Judah,Male
Cesaro,Male
Andrej,Male
Franky,Male
Nobe,Male
Barret,Male
Raymund,Male
Miller,Male
Weston,Male
Stearn,Male
Lonny,Male
Thorpe,Male
Anselm,Male
Judon,Male
Langston,Male
Chic,Male
Terrance,Male
Vickie,Female
Khalil,Male
Vitia,Female
Fields,Male
Aylmar,Male
Zed,Male
Gawain,Male
Harrison,Male
Tristam,Male
Anthony,Male
Kristopher,Male
Llewellyn,Male
Frankie,Male
Hillyer,Male
Marci,Female
Lida,Female
Dunstan,Male
Babb,Female
Kari,Female
Dana,Male
Mikael,Male
Huntington,Male
Elvis,Male
Viola,Female
Henrieta,Female
Angy,Female
Bonni,Female
Ailey,Female
Armand,Male
Rozanne,Female
Malchy,Male
Dov,Male
Norbie,Male
Lane,Male
Rhiamon,Female
Cart,Male
Jeanelle,Female
Nicholle,Female
Hattie,Female
Estrellita,Female
Janine,Female
Stacey,Female
Zane,Male
Jedidiah,Male
Noellyn,Female
Anissa,Female
Darby,Male
Byrom,Male
Rawley,Male
Melony,Female
Howie,Male
Sioux,Female
Reginald,Male
Wendi,Female
Marianne,Female
Earlie,Male
Terence,Male
Annnora,Female
Conchita,Female
Elsie,Female
Hillie,Male
Barbee,Female
Martin,Male
Jarib,Male
Dione,Female
Elaine,Female
Shannah,Female
Sayre,Female
Alethea,Female
Amanda,Female
Beatrice,Female
Janka,Female
Terri-jo,Female
Austin,Female
Inez,Female
Dasha,Female
Elfie,Female
Palm,Male
Caresse,Female
Ewell,Male
Vaclav,Male
Hurlee,Male
Sella,Female
Emilee,Female
Bing,Male
Ursola,Female
Terra,Female
Sharity,Female
Syd,Male
Casie,Female
Karol,Female
Anselma,Female
Tamara,Female
Carson,Male
Sapphira,Female
Clara,Female
Cam,Male
Terri,Male
Ninetta,Female
Layla,Female
Jaime,Female
Prescott,Male
Stefanie,Female
Steffane,Female
Kristina,Female
Jed,Male
Nevsa,Female
Titos,Male
Rickie,Female
Shanta,Female
Annice,Female
Angelita,Female
Des,Male
Gloriane,Female
Evin,Male
Kathi,Female
Kira,Female
Karalynn,Female
Teodora,Female
Shayne,Male
Annecorinne,Female
Lindy,Male
Friedrick,Male
Norman,Male
Evelyn,Male
Sheffy,Male
Delila,Female
Imojean,Female
Darelle,Female
Sylvia,Female
Maude,Female
Randy,Male
Ginnie,Female
Konrad,Male
Alastair,Male
Kandy,Female
Archibald,Male
Travus,Male
Felipa,Female
Mariska,Female
Rodrick,Male
Hermine,Female
Amberly,Female
Silvain,Male
Whittaker,Male
Carmella,Female
Mommy,Female
Gabe,Male
Vivie,Female
Bond,Male
Nanon,Female
Phaedra,Female
Petra,Female
Natividad,Female
Emmy,Female
Will,Male
Alameda,Female
Shawn,Female
Leonore,Female
Dot,Female
Simmonds,Male
Aurlie,Female
Consalve,Male
Jeth,Male
Edythe,Female
Roselin,Female
Susann,Female
Brigid,Female
Ruthann,Female
Mahmud,Male
Eddie,Female
Sonja,Female
Thebault,Male
Tamqrah,Female
Von,Male
Linus,Male
Kameko,Female
Prinz,Male
Rochester,Male
Lenora,Female
Fifi,Female
Gabriellia,Female
Dareen,Female
Sheilakathryn,Female
Enos,Male
Wally,Female
Leann,Female
Urson,Male
Theadora,Female
Tabb,Male
Adela,Female
Maddy,Female
Kala,Female
Penni,Female
Levey,Male
Grissel,Female
Kesley,Female
Dougie,Male
Quincy,Male
Rudyard,Male
Sherye,Female
Dagmar,Female
Osborn,Male
Carrissa,Female
Pearle,Female
Yves,Male
Wadsworth,Male
Willy,Male
Sterne,Male
Alia,Female
Jourdain,Male
Whitney,Female
Nero,Male
Jessika,Female
Harper,Male
Jarvis,Male
Sydney,Male
Georgine,Female
Riva,Female
Lizabeth,Female
Jinny,Female
Kaila,Female
Sandro,Male
Sully,Male
Carole,Female
Omero,Male
Florida,Female
Collette,Female
Eustace,Male
Nerte,Female
Rupert,Male
Quinn,Male
Mireielle,Female
Berte,Female
Rog,Male
Ron,Male
Jarrod,Male
Joe,Male
Westleigh,Male
Rustin,Male
Norby,Male
Mercie,Female
Ofelia,Female
Helaina,Female
Emmery,Male
Lutero,Male
Krishna,Male
Mateo,Male
Giana,Female
Sayre,Male
Monte,Male
Karyl,Female
Delilah,Female
Cassandre,Female
Cherlyn,Female
Alvan,Male
Frederick,Male
Kev,Male
Cami,Female
Felicle,Female
Emmeline,Female
Gilbert,Male
Lincoln,Male
Sean,Female
Janela,Female
Julio,Male
Shirl,Female
Iago,Male
Eadith,Female
Janenna,Female
Rowena,Female
Elvira,Female
Charlene,Female
Esme,Male
Eleen,Female
Jo,Female
Charles,Male
Byram,Male
Lemuel,Male
Celle,Female
Arda,Female
Dagny,Male
Mona,Female
Alene,Female
Ezmeralda,Female
Osborne,Male
Sisile,Female
Elroy,Male
Daffie,Female
Willie,Male
Pandora,Female
Gare,Male
Cooper,Male
Kinsley,Male
Brianna,Female
Rahal,Female
Nicole,Female
Henry,Male
Malanie,Female
Ginelle,Female
Preston,Male
Ado,Male
Gabrielle,Female
Jammal,Male
Shelagh,Female
Sarita,Female
Sosanna,Female
Mimi,Female
Veronica,Female
Belva,Female
Lindsey,Female
Storm,Female
Hanna,Female
Connie,Male
Haroun,Male
Lester,Male
Harlie,Female
Roley,Male
Eachelle,Female
Rickert,Male
Meara,Female
Kristian,Male
Lissi,Female
Dita,Female
Vincenty,Male
Starr,Female
Rollins,Male
Abdul,Male
Roxana,Female
Trefor,Male
Drusilla,Female
Dyanne,Female
Gusti,Female
Luke,Male
Nicolette,Female
Polly,Female
Daryle,Male
Cly,Male
Nanni,Female
Salim,Male
Saidee,Female
Genvieve,Female
Dyane,Female
Lydia,Female
Daveta,Female
Johnette,Female
Alexina,Female
Palmer,Male
Neel,Male
Jarrett,Male
Bartram,Male
Sara,Female
Corabel,Female
Carlen,Female
Tann,Male
Ardenia,Female
Willow,Female
Horst,Male
Read,Male
Quillan,Male
Dominik,Male
Syman,Male
Colman,Male
Aldon,Male
Hermon,Male
Ernestine,Female
Concettina,Female
Adelina,Female
Siward,Male
Lanita,Female
Augusta,Female
Ebonee,Female
Cassi,Female
Janie,Female
Prince,Male
Audre,Female
Tiffani,Female
Christiane,Female
Gustie,Female
Delphine,Female
Myca,Male
Farra,Female
Rafa,Female
Ingunna,Female
Irvin,Male
Rivalee,Female
Clarine,Female
Ric,Male
Carolyn,Female
Osmund,Male
Molli,Female
Uriah,Male
Merl,Female
Harmon,Male
Mack,Male
Cassius,Male
Dukie,Male
Oliver,Male
Etty,Female
Beitris,Female
Ari,Male
Rosina,Female
Gretta,Female
Erina,Female
Vitoria,Female
Harley,Female
Doralyn,Female
Elston,Male
Nicholas,Male
Frans,Male
Iona,Female
Silvester,Male
Noll,Male
Stacee,Female
Bridie,Female
Kahaleel,Male
Auberon,Male
Cecil,Male
Hayes,Male
Jacquie,Female
Hollie,Female
Olivero,Male
Templeton,Male
Kylynn,Female
Hanni,Female
Mitchael,Male
Cassey,Female
Melli,Female
Avery,Male
Clemmy,Male
Julie,Male
Yorgo,Male
Odo,Male
Marty,Female
Mort,Male
Berkley,Male
Briant,Male
Rosemonde,Female
Byron,Male
Kai,Female
Lainey,Female
Gar,Male
Elmer,Male
Onfre,Male
Debra,Female
Giraud,Male
Koren,Female
Michele,Female
Abby,Female
Laney,Male
Russ,Male
Horatius,Male
Arri,Male
Isabeau,Female
Tori,Female
Elvera,Female
Jewelle,Female
Karalee,Female
Reuven,Male
Dominica,Female
Cobbie,Male
Ev,Male
Leela,Female
Allie,Male
Wylie,Male
Tallie,Female
Urban,Male
Frasco,Male
Dirk,Male
Hanny,Female
Ole,Male
Shelley,Female
Emmalynn,Female
Sascha,Male
Adan,Female
Irwin,Male
Riane,Female
Dolli,Female
Sharl,Female
Franny,Female
Danell,Female
Sybille,Female
Vidovik,Male
Joshua,Male
Tanny,Male
Ulrikaumeko,Female
Rudolf,Male
Kerwin,Male
Johnny,Male
Adolph,Male
Ekaterina,Female
Helenka,Female
Ivy,Female
Richard,Male
Mavis,Female
Cyrill,Male
Bernelle,Female
Allard,Male
Bradford,Male
Caryl,Male
Verene,Female
Odessa,Female
Fae,Female
Julia,Female
Lesley,Female
Deeanne,Female
Bennie,Female
June,Female
Foss,Male
Cosimo,Male
Worden,Male
Basil,Male
Koo,Female
Tracy,Male
Thor,Male
Roxi,Female
Dexter,Male
Lane,Female
Karlee,Female
Jase,Male
Arch,Male
Leontine,Female
Nerti,Female
Alix,Female
Klement,Male
Dorrie,Female
Ahmad,Male
Fairleigh,Male
Deane,Male
Madelin,Female
Alys,Female
Lou,Male
Melinda,Female
Brendan,Male
Albert,Male
Clyde,Male
Elly,Female
Estelle,Female
Heywood,Male
Eimile,Female
Latrina,Female
Talia,Female
Marya,Female
Edsel,Male
Dollie,Female
Roscoe,Male
Ardelia,Female
Hallie,Female
Georges,Male
Lowe,Male
Gabby,Male
Courtnay,Male
Dalila,Female
Bendix,Male
Bertram,Male
Diahann,Female
Valera,Female
Isidore,Male
Caitrin,Female
Elwin,Male
Tye,Male
Aurel,Female
Dianemarie,Female
Cora,Female
Gipsy,Female
Matthus,Male
Alyss,Female
Gilli,Female
Pen,Male
Dulcinea,Female
Glynn,Male
Delmar,Male
Lennard,Male
Dalli,Male
Clo,Female
Anne,Female
Marcellus,Male
Cleopatra,Female
Edlin,Male
Irwinn,Male
Shoshanna,Female
Sheridan,Male
Baldwin,Male
Kippie,Female
May,Female
Maud,Female
Todd,Male
Bekki,Female
Barrie,Female
Joceline,Female
Ortensia,Female
Kelila,Female
Nickolai,Male
Gil,Male
Kimberli,Female
Mirna,Female
Kaylyn,Female
Meir,Male
Troy,Male
Blanch,Female
Steffen,Male
Amelina,Female
Laurice,Female
Torry,Male
Vera,Female
Skelly,Male
Jeralee,Female
Ingra,Male
Gearalt,Male
Adriano,Male
Vanya,Male
Matteo,Male
Floyd,Male
Patrice,Male
Moe,Male
Zollie,Male
Oliviero,Male
Marianna,Female
Guy,Male
Harmonie,Female
Arabella,Female
Moira,Female
Dominic,Male
Mal,Male
Maggee,Female
Eolanda,Female
Tuesday,Female
Alexei,Male
Dorise,Female
Judi,Female
Darius,Male
Austine,Female
Valerie,Female
Esme,Female
Muhammad,Male
Jamie,Male
Tiphani,Female
Christel,Female
Henriette,Female
Burgess,Male
Saree,Female
Christy,Male
Meier,Male
Claudina,Female
Jedediah,Male
Gerta,Female
Lancelot,Male
Archibaldo,Male
Marty,Male
Ruperto,Male
Mandy,Female
Harlen,Male
Hilda,Female
Job,Male
Morton,Male
Tess,Female
Ermina,Female
Lolita,Female
Tomasina,Female
Cordelie,Female
Lynea,Female
Alma,Female
Paloma,Female
Geralda,Female
Anthea,Female
Laina,Female
Bessie,Female
Virgie,Female
Jane,Female
Kacie,Female
Addia,Female
Fleurette,Female
Anne-corinne,Female
Sammie,Male
Blisse,Female
Augustus,Male
Farlie,Male
Colene,Female
Chico,Male
Anette,Female
Lanette,Female
Price,Male
Brigitte,Female
Yuri,Male
Anthiathia,Female
Moss,Male
Judy,Female
Wright,Male
Gretel,Female
Stavro,Male
Michel,Female
Waylon,Male
Winna,Female
Frazer,Male
Hagen,Male
Nickola,Male
Emmott,Male
Mignonne,Female
Yvor,Male
Essa,Female
Lelah,Female
Reube,Male
Marie-jeanne,Female
Keene,Male
Dale,Male
Donna,Female
Tatiana,Female
Sidoney,Female
Wallis,Female
Claudell,Male
Cilka,Female
Vicky,Female
Ezequiel,Male
Boonie,Male
Sela,Female
Sarina,Female
Hally,Female
Bram,Male
Mathian,Male
Eldon,Male
Romona,Female
Chris,Female
Dari,Female
Linnell,Female
Rachelle,Female
Johannah,Female
Dunc,Male
Sarah,Female
Tannie,Male
Wang,Male
Fritz,Male
Astrid,Female
Annalise,Female
Berry,Female
Sinclare,Male
Nicoline,Female
Karlan,Male
Craggie,Male
Washington,Male
Nan,Female
Glynda,Female
Blondy,Female
Jo-anne,Female
Rodge,Male
Teodoro,Male
Farrand,Female
Vinny,Female
Farlay,Male
Vale,Female
Jamison,Male
Bamby,Female
Jaquenetta,Female
Ladonna,Female
Raffarty,Male
Desi,Male
Scott,Male
Lelia,Female
Cacilie,Female
Karrah,Female
Elsy,Female
Gabriele,Male
Ulrick,Male
Camey,Male
Arne,Male
Benjy,Male
Philly,Female
Hephzibah,Female
Carmelita,Female
Bartolomeo,Male
Zsazsa,Female
Rolf,Male
Chick,Male
Candis,Female
Margaretha,Female
Lulita,Female
Peirce,Male
Delly,Female
Bogart,Male
Myles,Male
Gisela,Female
Germaine,Female
Cindi,Female
Benedict,Male
Cayla,Female
Ola,Female
Corina,Female
Adria,Female
Aigneis,Female
Brandi,Female
Wheeler,Male
Griselda,Female
Daffy,Female
Emlyn,Female
Michael,Male
Shirleen,Female
Jeffie,Male
Denna,Female
Deeyn,Female
Winnie,Female
Davita,Female
Dani,Female
Lacey,Female
Lexine,Female
Lemmie,Male
Deidre,Female
Francesca,Female
Faun,Female
Sandie,Female
Waverly,Male
Smith,Male
Shannon,Female
Salli,Female
Brigida,Female
Christina,Female
Luciana,Female
Colin,Male
Mela,Female
Tonya,Female
Meggi,Female
Amby,Male
Elyssa,Female
Averell,Male
Dylan,Male
Glynis,Female
Jessica,Female
Rhody,Female
Demott,Male
Artemis,Male
Edi,Female
Bea,Female
Cory,Female
Chen,Male
Rickie,Male
Sashenka,Female
Eliza,Female
Kizzie,Female
Hermann,Male
Tedie,Male
Avrit,Female
Daphna,Female
Tony,Female
Cazzie,Male
Arnoldo,Male
Malorie,Female
Ave,Male
Ches,Male
Brenna,Female
Thaine,Male
Alli,Female
Micki,Female
Raphael,Male
Hobie,Male
Mart,Male
Booth,Male
Willem,Male
Peterus,Male
Domini,Female
Francklyn,Male
Reggie,Female
Neddy,Male
Jeno,Male
Blayne,Male
Whitney,Male
Buffy,Female
Marco,Male
Lorrie,Female
Abbey,Female
Catina,Female
Katina,Female
Norene,Female
Gilles,Male
Ailis,Female
Gerhard,Male
Edeline,Female
Antonio,Male
Gawen,Male
Leonora,Female
Basilius,Male
Linc,Male
Gretna,Female
Donny,Male
Burr,Male
Nikolaos,Male
Flossie,Female
Adolpho,Male
Estele,Female
Irma,Female
Hale,Male
Crissy,Female
Derrick,Male
Kincaid,Male
Euphemia,Female
Maye,Female
Deena,Female
Morrie,Male
Lezley,Male
Colette,Female
Corny,Male
Vergil,Male
Hester,Female
Richy,Male
Hanan,Male
Thornie,Male
Nigel,Male
Noel,Female
Isacco,Male
Maryellen,Female
Marvin,Male
Una,Female
Bevon,Male
Maxwell,Male
Alwin,Male
Codi,Male
Hodge,Male
Evan,Male
Tedda,Female
Reeta,Female
Jeanine,Female
Xylia,Female
Bernardina,Female
Lissy,Female
Domeniga,Female
Raimund,Male
Kalila,Female
Cynde,Female
Jemie,Female
Eran,Female
Rodolph,Male
Mathe,Male
Gordy,Male
Max,Male
Ben,Male
Karil,Female
Cati,Female
Federica,Female
Michal,Male
Salaidh,Female
Geoff,Male
Lolly,Female
Bary,Male
Jaime,Male
Clovis,Female
Erda,Female
Lina,Female
Bobinette,Female
Deana,Female
Caterina,Female
Shelba,Female
Tracey,Male
Everett,Male
Sandy,Male
Amil,Female
Elfrida,Female
Dino,Male
Orin,Male
Marrissa,Female
Gavan,Male
Winifred,Female
Micah,Male
Efrem,Male
Mahala,Female
Danie,Male
Cindie,Female
Nerita,Female
Bari,Female
Callie,Female
Guinevere,Female
Kathryne,Female
Urbain,Male
Alexis,Male
Jolee,Female
Berton,Male
Shell,Male
Heriberto,Male
Royce,Male
Gerrie,Male
Vernen,Male
Perl,Female
Aile,Female
Elane,Female
Merle,Male
Car,Male
Dedra,Female
Caye,Female
Cassie,Male
Venita,Female
Kerk,Male
Edgardo,Male
Sheppard,Male
Arlette,Female
Ina,Female
Paulie,Female
Rikki,Male
Jehu,Male
Kelby,Male
Willey,Male
Rina,Female
Linell,Female
Wallis,Male
Maurie,Male
Gay,Female
Melinde,Female
Hamil,Male
Harland,Male
Kelcy,Female
Peadar,Male
Bradney,Male
Cthrine,Female
Jammie,Female
Livvie,Female
Mariette,Female
Tomaso,Male
Gallard,Male
Cassy,Female
Dennie,Female
Stan,Male
Rosalyn,Female
Tulley,Male
Daloris,Female
Chickie,Male
Lynett,Female
Anatola,Female
Antoinette,Female
Wynnie,Female
Tory,Female
Lindsay,Female
Hilly,Male
Alexine,Female
Nicko,Male
Gilemette,Female
Broderic,Male
Bobbie,Female
Lonee,Female
Matilde,Female
Torey,Male
Deonne,Female
Olag,Male
Lindsy,Female
Miguel,Male
Milty,Male
Lindon,Male
Karoly,Male
Arabel,Female
Carly,Male
Anny,Female
Ariela,Female
Isahella,Female
Vail,Male
Hamilton,Male
Kennan,Male
Waylan,Male
Conn,Male
Corilla,Female
Aldo,Male
Rhodie,Female
Allsun,Female
Farica,Female
Erminia,Female
Jori,Female
Nell,Female
Gene,Female
Matthew,Male
Craig,Male
Micheal,Male
Lilllie,Female
Gothart,Male
Anna-diane,Female
Lurlene,Female
Montague,Male
Auguste,Female
Findley,Male
Briny,Female
Rudiger,Male
Christin,Female
Nikolai,Male
Devi,Female
Haywood,Male
Analise,Female
Ree,Female
Bernarr,Male
Patience,Female
Karin,Female
Israel,Male
Adham,Male
Jerad,Male
Ricca,Female
Inge,Female
Cassaundra,Female
Rockie,Male
Cary,Female
Angelle,Female
Sigrid,Female
Hedvige,Female
Wini,Female
Liuka,Female
Maurizia,Female
Connor,Male
Zerk,Male
Jerrine,Female
Elisha,Male
Anson,Male
Eberhard,Male
Laryssa,Female
Denny,Female
Ricard,Male
Noby,Male
Dewey,Male
Liesa,Female
Thaddus,Male
Edy,Female
Drucill,Female
Timmie,Female
Titus,Male
Sheena,Female
Romy,Female
Darren,Male
Warden,Male
Shem,Male
Gordan,Male
Celestine,Female
Linda,Female
Agnesse,Female
Tabbi,Female
Otis,Male
Quincey,Male
Tiffany,Female
Noelani,Female
Aluin,Male
Valma,Female
Parker,Male
Kendell,Male
Ewan,Male
Pooh,Female
Georgianna,Female
Mildred,Female
Joycelin,Female
Winn,Male
Ebony,Female
Liana,Female
Penelopa,Female
Liane,Female
Tammie,Male
Arte,Male
Matty,Male
Honey,Female
Hanson,Male
Tabatha,Female
Charmaine,Female
Rollin,Male
Martina,Female
Jeffrey,Male
Philbert,Male
Nessa,Female
Noach,Male
Lonnie,Female
Arlene,Female
Allene,Female
Laverne,Female
Correy,Female
Daron,Male
Mendel,Male
Rivi,Female
Philippine,Female
Dallas,Female
Drona,Female
Kym,Female
Dorella,Female
Lianne,Female
Petronilla,Female
Costanza,Female
Wittie,Male
Roma,Male
Normie,Male
Darice,Female
Nicolai,Male
Dayle,Female
Ainslee,Female
Ruby,Female
Salomone,Male
Griff,Male
Dimitry,Male
Erick,Male
Myra,Female
Cass,Female
Aimil,Female
Dynah,Female
Ashely,Female
Gannon,Male
Ricoriki,Male
Torr,Male
Malory,Female
Perren,Male
Charil,Female
Launce,Male
Heidi,Female
Farris,Male
Sax,Male
Damien,Male
Theresina,Female
Georgi,Male
Mortie,Male
Alissa,Female
Tim,Female
Charis,Female
Rubi,Female
Robina,Female
Stefania,Female
Vikky,Female
Derward,Male
Candie,Female
Risa,Female
Barney,Male
Lauritz,Male
Carlyle,Male
Aubrette,Female
Susanetta,Female
Brynna,Female
Yulma,Male
Eddi,Female
Fraser,Male
Carlie,Male
Jeanette,Female
Ruperta,Female
Ira,Female
Rod,Male
Legra,Female
Mora,Female
Ceil,Female
Fanechka,Female
Clevey,Male
Hadley,Male
Cordey,Female
Tilly,Female
Kriste,Female
Ariana,Female
Roze,Female
Cletus,Male
Pegeen,Female
Joane,Female
Gaile,Male
Pearla,Female
Wolfie,Male
Sydel,Female
Chester,Male
Stanleigh,Male
Cherianne,Female
Codie,Male
Dukey,Male
Laurene,Female
Brewster,Male
Klaus,Male
Waldemar,Male
Quintana,Female
Correna,Female
Morgen,Female
Hillel,Male
Odele,Female
Edwina,Female
Flss,Female
Caressa,Female
Raina,Female
Alisha,Female
Purcell,Male
Beatriz,Female
Harriott,Female
Tony,Male
Ike,Male
Morlee,Male
Ede,Female
Pet,Female
Mariya,Female
Letty,Female
Bertie,Male
Garrott,Male
Stacie,Female
Hobard,Male
Doretta,Female
Meredeth,Male
Boycey,Male
Lavina,Female
Corrine,Female
Drusy,Female
Paolo,Male
Tymon,Male
Milly,Female
Elicia,Female
Normy,Male
Ingmar,Male
Clim,Male
Gael,Female
Garrek,Male
Aloysia,Female
Morly,Male
Karoline,Female
Cassie,Female
Nicolis,Male
Cass,Male
Baxy,Male
Charity,Female
Holt,Male
Randie,Male
Beverly,Female
Robinet,Male
Lishe,Female
Boy,Male
Annaliese,Female
Perice,Male
Robena,Female
Rhett,Male
Nap,Male
Genovera,Female
Sibbie,Female
Latrena,Female
Tandie,Female
Carl,Male
Melonie,Female
Ky,Male
Hall,Male
Rodger,Male
Edyth,Female
Yettie,Female
Filberte,Male
Ivor,Male
Evania,Female
Herve,Male
Katinka,Female
Dori,Female
Welsh,Male
Tremain,Male
Moselle,Female
Somerset,Male
Melloney,Female
Joeann,Female
Madge,Female
Joelly,Female
Valaree,Female
Tris,Male
Elyn,Female
Marlo,Male
Fleming,Male
Haley,Male
Marja,Female
Murvyn,Male
Riordan,Male
Robbi,Female
Corena,Female
Harriot,Female
Reggie,Male
Marlowe,Male
Sancho,Male
Haskel,Male
Ellwood,Male
Dean,Male
Rochella,Female
Karen,Female
Romain,Male
Joshia,Male
Gerek,Male
Danella,Female
Janette,Female
Harli,Female
Allyson,Female
Nils,Male
Lanny,Male
Chrystal,Female
Alleyn,Male
Barbe,Female
Carter,Male
Aida,Female
Rodi,Female
Gaby,Female
Blithe,Female
Mace,Male
Reuben,Male
Tilda,Female
Filide,Female
Collie,Female
Gwendolyn,Female
Cynthea,Female
Amitie,Female
Jonas,Male
Laurens,Male
Philippa,Female
Alta,Female
Corissa,Female
Alistair,Male
Brose,Male
Luelle,Female
Baily,Male
Annamaria,Female
Benji,Male
Caryl,Female
Flinn,Male
Claretta,Female
Xenos,Male
Virginia,Female
Brant,Male
Englebert,Male
Fredia,Female
Devy,Male
Donella,Female
Tobe,Male
Chrissie,Male
Jacinthe,Female
Faythe,Female
Kathrine,Female
Warner,Male
Sherilyn,Female
Archaimbaud,Male
Dieter,Male
Codie,Female
Tillie,Female
Patrizia,Female
Ameline,Female
Siusan,Female
Tine,Female
Ernesta,Female
Keary,Male
Marita,Female
Winona,Female
Ezechiel,Male
Aurilia,Female
Moyna,Female
Conrado,Male
Malinde,Female
Ruy,Male
Eduardo,Male
Ned,Male
Tiffanie,Female
Krissy,Female
Horace,Male
Kassia,Female
Minda,Female
Corri,Female
Kellie,Female
Melany,Female
Mehetabel,Female
Ardys,Female
Parrnell,Male
Rochette,Female
Vassili,Male
Humbert,Male
Staci,Female
Donia,Female
Marlie,Female
Maxy,Female
Brandyn,Male
Wesley,Male
Pietra,Female
Yolande,Female
Charlean,Female
Ki,Female
Ninon,Female
Thorn,Male
Amalle,Female
Renelle,Female
Shalna,Female
Biddie,Female
Zack,Male
Obed,Male
Prentiss,Male
Free,Male
Hamnet,Male
Zebedee,Male
Courtney,Female
Clemence,Female
Berk,Male
Andriana,Female
Lanie,Female
Noreen,Female
Flory,Female
Arin,Male
Belia,Female
Benn,Male
Sileas,Female
George,Male
Hernando,Male
Malvin,Male
Katleen,Female
Renault,Male
Erastus,Male
Lanae,Female
Ezra,Male
Bondy,Male
Maddy,Male
Charmine,Female
Roxie,Female
Meade,Female
Wayne,Male
Redford,Male
Josiah,Male
Carry,Female
Evita,Female
Barbabra,Female
Gris,Male
Verine,Female
Noble,Male
Wilton,Male
Noam,Male
Lilla,Female
Kenneth,Male
Kylie,Female
Roth,Male
Josephina,Female
Gabriela,Female
Martie,Male
Luther,Male
Jordan,Male
Richie,Male
Vanessa,Female
Leandra,Female
Elna,Female
Ella,Female
Flo,Female
Yuma,Male
Tades,Male
Axel,Male
Marquita,Female
Mord,Male
Teodor,Male
Towny,Male
Fania,Female
Perri,Female
Standford,Male
Nehemiah,Male
Lothaire,Male
Rachael,Female
Marjory,Female
Dahlia,Female
Wyatan,Male
Timothea,Female
Patrick,Male
Dorian,Male
Daniele,Female
Josefina,Female
Nellie,Female
Gerianna,Female
Derek,Male
Junie,Female
Constancia,Female
Alysa,Female
Ileana,Female
Nolly,Male
Saunder,Male
Carla,Female
Kiersten,Female
Mathilda,Female
Shel,Female
Sophi,Female
Lisabeth,Female
Melissa,Female
Marris,Female
Aloisia,Female
Nisse,Female
Augustina,Female
Devonne,Female
Keir,Male
Ximenes,Male
Hirsch,Male
Wernher,Male
Prent,Male
Muffin,Female
Maurene,Female
Arabele,Female
Kore,Female
Lotti,Female
Korrie,Female
Leelah,Female
Britta,Female
Aurthur,Male
Patty,Female
Gianni,Male
Tera,Female
Gavin,Male
Gianina,Female
Gabriel,Male
Corrie,Female
Evonne,Female
Pauly,Male
Cordy,Male
Leontyne,Female
Suzi,Female
Merrick,Male
Matty,Female
Jessie,Female
Humberto,Male
Tybalt,Male
Robert,Male
Gisella,Female
Barry,Female
Peggie,Female
Faulkner,Male
Kiah,Female
Brit,Male
Tuck,Male
Jacob,Male
Angie,Male
Samuel,Male
Ange,Male
Dalis,Male
Heath,Male
Lisa,Female
Sebastian,Male
Hoebart,Male
Dulcy,Female
Carol-jean,Female
Bartlet,Male
Kippy,Male
Klemens,Male
Garland,Female
Benjamen,Male
Harris,Male
Rufe,Male
Renee,Female
Osbourn,Male
Darin,Male
Catlee,Female
Jo ann,Female
Kakalina,Female
Guido,Male
Marlin,Male
Beatrix,Female
Brocky,Male
Jennifer,Female
Nester,Male
Robinetta,Female
Letitia,Female
Hyacinthe,Female
Fianna,Female
Hartwell,Male
Shaylah,Female
Aloysius,Male
Candide,Female
Jeannine,Female
Tedmund,Male
Talbot,Male
Amity,Female
Sergio,Male
Rosy,Female
Vita,Female
Selestina,Female
Chuck,Male
Gauthier,Male
Colan,Male
Jessamyn,Female
Karrie,Female
Suzanna,Female
Kyrstin,Female
Lisha,Female
Claudetta,Female
Freda,Female
Ramsay,Male
Grantley,Male
Galvin,Male
Sawyere,Male
Waylen,Male
Markos,Male
Nina,Female
Willa,Female
Padgett,Male
Orelia,Female
Ronalda,Female
Nonie,Female
Wilt,Male
Brit,Female
Alonzo,Male
Marwin,Male
Ruddie,Male
Francyne,Female
Garrard,Male
Myrta,Female
Shaine,Male
Charlton,Male
Bernie,Female
Leigha,Female
Abrahan,Male
Jud,Male
Ritchie,Male
Shelly,Female
Graig,Male
Noni,Female
Ashien,Female
Mattie,Male
Hercules,Male
Millisent,Female
Ertha,Female
Maisey,Female
Maribeth,Female
Doralia,Female
Barb,Female
August,Male
Cinnamon,Female
Nels,Male
Sheila-kathryn,Female
Sarajane,Female
Daffi,Female
Christian,Female
Merrilee,Female
Charyl,Female
Hank,Male
Lotty,Female
Chilton,Male
Feodora,Female
Pate,Male
Davon,Male
Ollie,Female
Alister,Male
Andrei,Female
Amandi,Female
Zita,Female
Olia,Female
Emerson,Male
Allis,Female
Raf,Female
Margie,Female
Madonna,Female
Jobye,Female
Findlay,Male
Leonerd,Male
Eda,Female
Virgie,Male
Celisse,Female
Tobias,Male
Tawsha,Female
Shelia,Female
Shaughn,Male
Elnore,Female
Sherill,Female
Dorisa,Female
Kele,Male
Dorthea,Female
Lind,Male
Latia,Female
Faustina,Female
Ethelin,Female
Rutter,Male
Mackenzie,Male
Baudoin,Male
Uta,Female
Jamaal,Male
Vite,Male
Constantia,Female
Marga,Female
Carver,Male
Freddy,Male
Genni,Female
Rozelle,Female
Marina,Female
Emiline,Female
Helen,Female
Elsbeth,Female
Jerald,Male
Abram,Male
Bryn,Male
Hermina,Female
Binny,Female
Thadeus,Male
Hayward,Male
Gussie,Female
Shandeigh,Female
Norry,Male
Charissa,Female
Cob,Male
Jeanne,Female
Laura,Female
Brenden,Male
Nonna,Female
Sheelah,Female
Suki,Female
Hilton,Male
Gilberta,Female
Dodi,Female
Chauncey,Male
Missie,Female
Shanie,Female
Clemmie,Male
Constantin,Male
Orville,Male
Gabi,Male
Bartholomeo,Male
Betteann,Female
Jean,Female
Ruthanne,Female
Corly,Female
Maurizio,Male
Karia,Female
Wolf,Male
Chantalle,Female
Kinnie,Male
Carolynn,Female
Winnah,Female
Lydon,Male
Slade,Male
Padraig,Male
Dodie,Female
Crystie,Female
Nappie,Male
Jerrilyn,Female
Julian,Male
Darryl,Female
Paton,Male
Sheffie,Male
Erinn,Female
Alley,Male
Darsey,Female
Bettye,Female
Melisent,Female
Rickard,Male
Jaymee,Female
Berne,Male
Kim,Male
Vanna,Female
Samara,Female
Silvano,Male
Edie,Female
Edita,Female
Dilan,Male
Duky,Male
De witt,Male
Prudence,Female
Nettle,Female
Timotheus,Male
Bealle,Male
Madelena,Female
Teena,Female
Tierney,Female
Caz,Male
Pammy,Female
Quinlan,Male
Thaxter,Male
Kaile,Female
Hasty,Male
Devondra,Female
Joannes,Female
Belicia,Female
Dougy,Male
Phyllida,Female
Maisie,Female
Mae,Female
Arlen,Male
Alvis,Male
Jackie,Male
Malinda,Female
Filbert,Male
Ag,Female
Barbi,Female
Rocky,Male
Kalle,Male
Herschel,Male
Emelia,Female
Nestor,Male
Conny,Female
Bobbi,Female
Aryn,Female
Ilene,Female
Tanhya,Female
Packston,Male
Anestassia,Female
Matthieu,Male
Ivonne,Female
Lorine,Female
Holly,Female
Bent,Male
Rosalia,Female
Blane,Male
Desdemona,Female
Marleah,Female
Shena,Female
Shayna,Female
Glenna,Female
Haven,Male
Sharia,Female
Wilbur,Male
Dermot,Male
Mellisent,Female
Arabela,Female
Mac,Male
Nicola,Female
Stanly,Male
Tani,Female
Franz,Male
Constancy,Female
Natassia,Female
Ricky,Male
Toby,Female
Duffy,Male
Faunie,Female
Jackie,Female
Mar,Male
Stacee,Male
Willy,Female
Hilario,Male
Marline,Female
Yank,Male
Margery,Female
Barbie,Female
Poul,Male
Wye,Male
Goraud,Male
Corrinne,Female
Moina,Female
Vanda,Female
Sampson,Male
Roldan,Male
Xymenes,Male
Vivian,Female
Nicol,Female
Marieann,Female
Alfy,Female
Yelena,Female
Ramsey,Male
Rabi,Male
Seumas,Male
Sidonia,Female
Emalee,Female
Ferrell,Male
Pascal,Male
Emilie,Female
Ammamaria,Female
Obediah,Male
Alvira,Female
Hilary,Female
Michelle,Female
Berty,Male
Lona,Female
Lyn,Female
Tate,Male
Jacqui,Female
Stafani,Female
Isabelle,Female
Kaine,Male
Christoforo,Male
Allianora,Female
Van,Female
Martguerita,Female
Frannie,Male
Fionnula,Female
Gwenny,Female
Antin,Male
Marion,Male
Patricia,Female
Pauli,Female
Cordell,Male
Nona,Female
Rhys,Male
Richardo,Male
Carmine,Female
Vaughan,Male
Olive,Female
Ryley,Male
Glynnis,Female
Rudolfo,Male
Edwin,Male
Vikki,Female
Sue,Female
Lauree,Female
Fern,Female
Thatcher,Male
Natal,Male
Juliane,Female
Lek,Male
Cristian,Male
Frazier,Male
Micaela,Female
Trey,Male
Gratia,Female
Prissie,Female
Tiffi,Female
Davie,Male
Nicky,Female
Dona,Female
Joaquin,Male
Jan,Male
Roda,Female
Tom,Male
Pamelina,Female
Rozele,Female
Ozzie,Male
Natty,Male
Angel,Male
Cecilius,Male
Olav,Male
Lenci,Male
Manya,Female
Mira,Female
Nancee,Female
Florrie,Female
Marsha,Female
Brianne,Female
Georgianne,Female
Dyann,Female
Josie,Female
Eloisa,Female
Fernando,Male
Kat,Female
Linn,Female
Linnie,Female
Milicent,Female
Rose,Female
Alessandra,Female
Dacy,Female
Amalea,Female
Charita,Female
Phip,Male
Elsinore,Female
Waly,Female
Amalita,Female
Ernest,Male
Kipp,Male
Sacha,Female
Eliot,Male
Chrysa,Female
Patrice,Female
Stephanie,Female
Tami,Female
Lorna,Female
Donnamarie,Female
Lucky,Female
Gerald,Male
Liv,Female
Gwenore,Female
Gwenora,Female
Marylee,Female
Jory,Male
Rozamond,Female
Rodolfo,Male
Gus,Male
Darlene,Female
Maurice,Male
Devin,Male
Olivie,Female
Meris,Female
Cristin,Female
Magdalena,Female
Kevyn,Female
Erek,Male
Maje,Male
Tildi,Female
Mariann,Female
Harman,Male
Gabey,Female
Twyla,Female
Merrill,Female
Caril,Female
Jephthah,Male
Herbert,Male
Dionisio,Male
Jemmie,Female
Whit,Male
Dorree,Female
Fredelia,Female
Lodovico,Male
Danna,Female
Ingeborg,Female
Fitz,Male
Sada,Female
Hermia,Female
Philip,Male
Maighdiln,Female
Toby,Male
Brita,Female
Astrix,Female
Ronda,Female
Corrianne,Female
Tamiko,Female
Lee,Male
Amalee,Female
Emlynn,Female
Beilul,Female
Asia,Female
Tiena,Female
Neill,Male
Tedi,Female
Magdalen,Female
Nannette,Female
Devan,Female
Patin,Male
Orel,Female
Omar,Male
Maudie,Female
Idalia,Female
Currey,Male
Jojo,Female
Bern,Male
Thacher,Male
Jakob,Male
Corinna,Female
Torrence,Male
Carmon,Female
Wynne,Female
Loralie,Female
Ettore,Male
Theo,Male
Alana,Female
Felisha,Female
Kimberlee,Female
Sammy,Female
Kirk,Male
Alexio,Male
Sadie,Female
Amelie,Female
Goran,Male
Lottie,Female
Yevette,Female
Duane,Male
Kelly,Female
Helaine,Female
Shandie,Female
Mallory,Male
Winny,Male
Ivett,Female
Giralda,Female
Verina,Female
Kendrick,Male
Marcelia,Female
Ardyce,Female
Woodman,Male
Jodi,Male
Adlai,Male
Hildegaard,Female
Maegan,Female
Margi,Female
Wylma,Female
Fredrika,Female
Johannes,Male
Becca,Female
Elwyn,Male
Esta,Female
Stearne,Male
Gordon,Male
Orelee,Female
Brnaba,Male
Kerri,Female
Guenna,Female
Robbie,Male
Lenette,Female
Sergent,Male
Fredrick,Male
Agretha,Female
Stillman,Male
